"ts","Cage","winner","loser","score","cohort"
2021-09-27 11:06:35,"Cage 1",8,1,1,1
2021-09-27 11:07:05,"Cage 2",1,6,1,1
2021-09-27 11:08:06,"Cage 2",4,1,0.5,1
2021-09-27 11:08:20,"Cage 1",1,6,1,1
2021-09-27 11:08:31,"Cage 2",1,4,1,1
2021-09-27 11:10:48,"Cage 5",3,1,1,1
2021-09-27 11:10:57,"Cage 2",1,6,1,1
2021-09-27 11:11:41,"Cage 6",7,8,0.5,1
2021-09-27 11:12:16,"Cage 6",7,4,1,1
2021-09-27 11:12:49,"Cage 4",8,4,1,1
2021-09-27 11:13:07,"Cage 1",1,3,1,1
2021-09-27 11:13:54,"Cage 4",7,6,1,1
2021-09-27 11:14:40,"Cage 2",1,6,1,1
2021-09-27 11:14:58,"Cage 2",4,1,0.5,1
2021-09-27 11:16:01,"Cage 2",7,4,1,1
2021-09-27 11:17:24,"Cage 1",1,7,1,1
2021-09-27 11:19:31,"Cage 4",7,4,1,1
2021-09-27 11:21:36,"Cage 3",7,3,1,1
2021-09-27 11:22:03,"Cage 6",7,3,1,1
2021-09-27 11:23:44,"Cage 4",7,1,1,1
2021-09-27 11:23:54,"Cage 4",1,8,1,1
2021-09-27 11:25:23,"Cage 5",6,3,1,1
2021-09-27 11:26:05,"Cage 1",8,1,1,1
2021-09-27 11:26:21,"Cage 5",8,4,1,1
2021-09-27 11:26:39,"Cage 5",7,6,1,1
2021-09-27 11:28:22,"Cage 6",8,1,1,1
2021-09-27 11:29:15,"Cage 6",8,7,0.5,1
2021-09-27 11:33:12,"Cage 3",7,1,1,1
2021-09-27 11:33:36,"Cage 1",8,7,1,1
2021-09-27 11:33:46,"Cage 2",7,6,1,1
2021-09-27 11:35:47,"Cage 1",7,4,1,1
2021-09-27 11:37:40,"Cage 1",7,4,1,1
2021-09-27 11:38:47,"Cage 2",7,6,1,1
2021-09-27 11:40:06,"Cage 2",7,3,1,1
2021-09-27 11:43:14,"Cage 5",8,1,1,1
2021-09-27 11:43:29,"Cage 6",7,1,1,1
2021-09-27 11:44:41,"Cage 2",7,4,1,1
2021-09-27 11:44:53,"Cage 2",7,6,1,1
2021-09-27 11:45:54,"Cage 6",3,1,1,1
2021-09-27 11:46:14,"Cage 3",8,3,1,1
2021-09-27 11:47:28,"Cage 1",7,8,1,1
2021-09-27 11:47:40,"Cage 2",7,4,1,1
2021-09-27 11:47:50,"Cage 4",7,4,1,1
2021-09-27 11:48:31,"Cage 5",7,3,1,1
2021-09-27 11:50:00,"Cage 5",1,4,1,1
2021-09-27 11:51:13,"Cage 6",1,8,1,1
2021-09-27 11:51:41,"Cage 5",1,4,1,1
2021-09-27 11:52:57,"Cage 6",7,4,1,1
2021-09-27 11:53:08,"Cage 6",7,4,1,1
2021-09-27 11:54:47,"Cage 6",8,6,1,1
2021-09-27 11:55:38,"Cage 1",7,4,1,1
2021-09-27 11:56:29,"Cage 4",4,3,1,1
2021-09-27 11:59:12,"Cage 5",7,4,1,1
2021-09-27 11:59:25,"Cage 5",1,8,1,1
2021-09-27 13:12:14,"Cage 2",7,4,1,1
2021-09-27 13:14:27,"Cage 3",7,6,0.5,1
2021-09-27 13:14:42,"Cage 4",7,6,1,1
2021-09-27 13:17:15,"Cage 4",7,4,1,1
2021-09-27 13:17:25,"Cage 5",7,4,1,1
2021-09-27 13:20:30,"Cage 6",1,4,1,1
2021-09-27 13:21:11,"Cage 6",7,4,1,1
2021-09-27 13:21:40,"Cage 2",7,1,1,1
2021-09-27 13:23:01,"Cage 3",7,8,1,1
2021-09-27 13:38:10,"Cage 1",7,8,1,1
2021-09-27 13:38:24,"Cage 1",7,8,1,1
2021-09-27 13:39:38,"Cage 4",4,8,1,1
2021-09-27 13:40:37,"Cage 5",4,6,1,1
2021-09-27 13:41:31,"Cage 3",4,6,1,1
2021-09-27 13:43:37,"Cage 5",7,4,1,1
2021-09-27 13:45:43,"Cage 5",4,8,1,1
2021-09-27 13:46:05,"Cage 3",7,4,1,1
2021-09-27 13:49:51,"Cage 2",7,4,1,1
2021-09-27 13:51:22,"Cage 4",7,4,1,1
2021-09-27 13:53:18,"Cage 4",4,8,1,1
2021-09-27 13:53:56,"Cage 3",7,4,1,1
2021-09-27 13:55:43,"Cage 5",4,8,1,1
2021-09-27 13:56:06,"Cage 2",7,8,1,1
2021-09-27 13:56:36,"Cage 2",7,8,1,1
2021-09-27 14:00:05,"Cage 2",7,1,1,1
2021-09-27 14:01:39,"Cage 6",7,8,1,1
2021-09-27 14:04:08,"Cage 5",7,4,1,1
2021-09-27 14:05:09,"Cage 3",7,4,1,1
2021-09-27 14:06:51,"Cage 6",7,1,1,1
2021-09-27 14:07:33,"Cage 5",7,6,0.5,1
2021-09-27 14:08:34,"Cage 5",7,8,1,1
2021-09-28 11:06:19,"Cage 5",6,3,1,1
2021-09-28 11:09:02,"Cage 4",7,6,1,1
2021-09-28 11:09:46,"Cage 3",6,7,0.5,1
2021-09-28 11:17:51,"Cage 1",7,8,1,1
2021-09-28 11:21:39,"Cage 1",7,6,1,1
2021-09-28 11:23:52,"Cage 4",6,7,1,1
2021-09-28 14:13:26,"Cage 5",6,3,1,1
2021-09-28 14:14:14,"Cage 5",6,7,1,1
2021-09-28 14:17:37,"Cage 3",6,1,1,1
2021-09-28 14:19:19,"Cage 2",7,3,1,1
2021-09-28 14:22:08,"Cage 2",6,7,1,1
2021-09-28 14:22:33,"Cage 3",6,3,1,1
2021-09-28 14:26:26,"Cage 4",1,8,1,1
2021-09-28 14:26:58,"Cage 2",6,1,1,1
2021-09-28 14:29:57,"Cage 6",6,7,1,1
2021-09-29 12:57:14,"Cage 3",6,1,1,1
2021-09-29 12:58:24,"Cage 1",7,8,1,1
2021-09-29 13:00:02,"Cage 1",6,7,1,1
2021-09-29 13:00:37,"Cage 2",6,3,1,1
2021-09-29 13:01:02,"Cage 2",6,4,1,1
2021-09-29 13:03:27,"Cage 2",6,3,1,1
2021-09-29 13:04:04,"Cage 1",6,3,1,1
2021-09-29 13:04:33,"Cage 2",6,7,1,1
2021-09-29 13:06:59,"Cage 2",8,3,1,1
2021-09-29 13:08:38,"Cage 2",6,3,1,1
2021-09-29 13:16:13,"Cage 5",1,3,1,1
2021-09-29 13:16:39,"Cage 2",6,4,1,1
2021-09-29 13:16:56,"Cage 3",6,4,1,1
2021-09-29 13:17:23,"Cage 1",6,7,1,1
2021-09-29 13:21:03,"Cage 2",8,3,1,1
2021-09-29 13:23:19,"Cage 2",1,4,1,1
2021-09-29 13:26:02,"Cage 2",6,3,1,1
2021-09-29 13:26:13,"Cage 2",6,4,1,1
2021-09-29 13:28:18,"Cage 2",6,7,1,1
2021-09-29 13:29:57,"Cage 1",7,8,1,1
2021-09-29 13:30:48,"Cage 1",6,4,1,1
2021-09-29 13:30:58,"Cage 1",6,7,1,1
2021-09-29 13:36:58,"Cage 2",6,7,1,1
2021-09-29 13:39:03,"Cage 1",7,8,1,1
2021-09-29 13:39:31,"Cage 2",7,3,1,1
2021-09-29 13:41:39,"Cage 6",6,7,1,1
2021-09-29 13:51:42,"Cage 4",8,3,0.5,1
2021-09-29 13:53:31,"Cage 3",1,8,1,1
2021-09-29 13:54:40,"Cage 6",4,3,1,1
2021-09-29 13:56:16,"Cage 1",7,8,1,1
2021-09-29 13:56:24,"Cage 2",7,4,1,1
2021-09-29 13:57:39,"Cage 4",1,3,1,1
2021-09-29 13:59:42,"Cage 2",6,4,1,1
2021-09-29 14:01:29,"Cage 6",6,7,1,1
2021-09-29 14:05:22,"Cage 1",6,7,1,1
2021-09-29 14:06:57,"Cage 2",6,7,1,1
2021-09-29 14:07:17,"Cage 1",6,7,1,1
2021-09-29 14:07:28,"Cage 1",6,8,1,1
2021-09-29 14:15:59,"Cage 1",6,7,1,1
2021-09-29 14:16:53,"Cage 3",6,8,1,1
2021-09-29 14:21:15,"Cage 5",6,8,1,1
2021-09-29 14:24:29,"Cage 2",6,3,1,1
2021-09-29 14:24:40,"Cage 1",6,7,1,1
2021-09-29 14:27:50,"Cage 1",6,3,1,1
2021-09-29 14:34:32,"Cage 6",1,3,1,1
2021-09-29 14:39:07,"Cage 2",6,1,1,1
2021-09-29 14:39:18,"Cage 1",6,7,1,1
2021-09-30 14:42:15,"Cage 1",6,8,1,1
2021-09-30 14:42:24,"Cage 1",6,7,1,1
2021-09-30 14:45:34,"Cage 1",6,7,1,1
2021-09-30 14:47:27,"Cage 2",6,4,1,1
2021-09-30 14:48:02,"Cage 5",6,4,1,1
2021-09-30 14:54:01,"Cage 1",6,7,1,1
2021-09-30 14:54:25,"Cage 5",6,4,1,1
2021-09-30 14:58:05,"Cage 2",6,7,1,1
2021-09-30 15:18:49,"Cage 2",1,3,1,1
2021-09-30 15:37:09,"Cage 6",6,4,1,1
2021-10-01 13:17:45,"Cage 1",6,7,1,1
2021-10-01 13:18:38,"Cage 2",6,7,1,1
2021-10-01 13:18:52,"Cage 5",6,7,1,1
2021-10-01 13:20:09,"Cage 6",6,4,1,1
2021-10-01 13:22:29,"Cage 2",6,8,1,1
2021-10-01 13:22:58,"Cage 2",6,7,1,1
2021-10-01 13:23:08,"Cage 5",6,7,1,1
2021-10-01 13:24:02,"Cage 6",6,4,1,1
2021-10-01 13:30:53,"Cage 4",1,8,1,1
2021-10-01 13:33:05,"Cage 3",1,7,1,1
2021-10-01 13:35:42,"Cage 1",6,7,1,1
2021-10-01 13:36:37,"Cage 5",6,4,1,1
2021-10-01 13:41:07,"Cage 6",6,4,1,1
2021-10-01 13:42:44,"Cage 2",6,8,1,1
2021-10-01 13:45:45,"Cage 2",6,4,1,1
2021-10-01 13:46:59,"Cage 5",1,8,1,1
2021-10-01 13:49:40,"Cage 5",6,4,1,1
2021-10-01 13:54:54,"Cage 4",1,8,1,1
2021-10-01 13:55:26,"Cage 2",1,4,1,1
2021-10-01 14:00:51,"Cage 1",7,4,1,1
2021-10-01 14:03:00,"Cage 2",7,4,1,1
2021-10-02 18:11:48,"Cage 6",6,4,1,1
2021-10-02 18:13:46,"Cage 3",6,4,1,1
2021-10-02 18:18:06,"Cage 5",6,3,1,1
2021-10-02 18:20:17,"Cage 3",6,4,1,1
2021-10-02 18:30:03,"Cage 2",6,3,1,1
2021-10-02 18:30:33,"Cage 2",6,3,1,1
2021-10-02 18:30:47,"Cage 1",6,1,1,1
2021-10-02 18:33:13,"Cage 4",6,4,1,1
2021-10-02 18:34:39,"Cage 4",1,4,1,1
2021-10-02 18:34:56,"Cage 4",6,1,1,1
2021-10-02 18:38:57,"Cage 3",6,3,1,1
2021-10-02 18:45:04,"Cage 2",6,3,1,1
2021-10-02 18:45:28,"Cage 5",6,3,1,1
2021-10-02 18:48:17,"Cage 6",6,3,1,1
2021-10-02 18:49:31,"Cage 2",6,3,1,1
2021-10-02 18:49:44,"Cage 5",6,4,1,1
2021-10-02 18:50:43,"Cage 5",6,3,1,1
2021-10-02 18:54:30,"Cage 5",1,3,1,1
2021-10-03 11:36:40,"Cage 5",1,8,1,1
2021-10-03 11:39:58,"Cage 5",1,8,1,1
2021-10-03 11:44:03,"Cage 6",6,7,1,1
2021-10-03 11:49:52,"Cage 1",6,7,1,1
2021-10-03 11:51:26,"Cage 6",6,4,1,1
2021-10-03 11:54:00,"Cage 4",6,8,1,1
2021-10-03 11:57:33,"Cage 5",6,8,1,1
2021-10-03 11:57:57,"Cage 5",1,4,1,1
2021-10-03 12:01:57,"Cage 2",6,7,1,1
2021-10-03 12:03:34,"Cage 6",6,4,1,1
2021-10-03 12:05:36,"Cage 3",6,4,1,1
2021-10-03 12:08:05,"Cage 2",6,7,1,1
2021-10-03 12:08:23,"Cage 5",1,8,1,1
2021-10-03 12:09:13,"Cage 2",1,8,1,1
2021-10-03 12:10:40,"Cage 3",1,8,1,1
2021-10-03 12:11:23,"Cage 2",1,7,1,1
2021-10-03 12:12:21,"Cage 3",6,7,1,1
2021-10-03 12:12:36,"Cage 3",6,7,1,1
2021-10-03 12:16:23,"Cage 3",6,4,1,1
2021-10-03 12:17:12,"Cage 5",6,7,1,1
2021-10-03 12:19:50,"Cage 6",6,7,1,1
2021-10-03 12:20:20,"Cage 6",6,3,1,1
2021-10-03 12:21:10,"Cage 2",1,3,1,1
2021-10-03 12:21:22,"Cage 6",6,4,1,1
2021-10-03 12:26:45,"Cage 3",6,7,1,1
2021-10-03 12:26:55,"Cage 4",6,7,1,1
2021-10-03 12:28:25,"Cage 2",6,7,1,1
2021-10-03 12:31:52,"Cage 4",1,3,1,1
2021-10-03 12:32:19,"Cage 3",6,7,1,1
2021-10-03 12:34:05,"Cage 2",6,7,1,1
2021-10-04 12:50:53,"Cage 4",6,7,1,1
2021-10-04 12:52:58,"Cage 4",6,8,1,1
2021-10-04 12:53:26,"Cage 1",7,1,1,1
2021-10-04 12:53:40,"Cage 4",6,7,1,1
2021-10-04 12:54:25,"Cage 6",6,7,1,1
2021-10-04 12:56:13,"Cage 2",6,7,1,1
2021-10-04 12:56:32,"Cage 5",1,8,1,1
2021-10-04 13:00:32,"Cage 5",6,7,1,1
2021-10-04 13:02:10,"Cage 1",7,6,1,1
2021-10-04 13:07:13,"Cage 5",6,4,1,1
2021-10-04 13:11:05,"Cage 2",7,1,1,1
2021-10-04 13:13:31,"Cage 3",6,7,1,1
2021-10-04 13:17:52,"Cage 2",1,8,1,1
2021-10-04 13:18:06,"Cage 4",1,8,1,1
2021-10-04 13:20:02,"Cage 5",6,3,1,1
2021-10-04 13:21:21,"Cage 3",6,7,1,1
2021-10-04 13:23:14,"Cage 3",6,7,1,1
2021-10-04 13:23:26,"Cage 3",6,1,1,1
2021-10-04 13:25:28,"Cage 6",6,7,1,1
2021-10-04 13:27:49,"Cage 2",6,7,1,1
2021-10-04 13:28:25,"Cage 5",6,4,1,1
2021-10-04 13:30:10,"Cage 6",6,3,1,1
2021-10-04 13:30:28,"Cage 5",6,1,1,1
2021-10-04 13:37:09,"Cage 2",6,7,1,1
2021-10-04 13:38:09,"Cage 1",6,7,1,1
2021-10-04 13:39:40,"Cage 6",6,7,1,1
2021-10-04 13:43:24,"Cage 4",6,7,1,1
2021-10-04 13:46:00,"Cage 4",6,1,1,1
2021-10-05 13:31:01,"Cage 5",6,4,1,1
2021-10-05 13:37:34,"Cage 5",1,3,1,1
2021-10-05 13:38:51,"Cage 4",7,3,1,1
2021-10-05 13:40:28,"Cage 2",6,1,1,1
2021-10-05 13:44:29,"Cage 5",6,7,1,1
2021-10-05 13:48:22,"Cage 5",6,7,1,1
2021-10-05 13:51:54,"Cage 4",6,3,1,1
2021-10-05 13:52:52,"Cage 6",6,7,1,1
2021-10-05 13:54:39,"Cage 2",4,3,1,1
2021-10-05 13:57:02,"Cage 6",6,1,1,1
2021-10-05 14:06:02,"Cage 3",6,7,1,1
2021-10-05 14:12:16,"Cage 5",7,3,1,1
2021-10-05 14:12:32,"Cage 3",6,7,1,1
2021-10-05 14:17:31,"Cage 3",6,7,1,1
2021-10-05 14:19:06,"Cage 5",6,3,1,1
2021-10-05 14:20:18,"Cage 2",7,8,1,1
2021-10-05 14:20:27,"Cage 2",6,7,1,1
2021-10-06 13:23:08,"Cage 4",1,3,1,1
2021-10-06 13:23:25,"Cage 4",7,1,1,1
2021-10-06 13:32:48,"Cage 4",6,7,1,1
2021-10-06 13:33:34,"Cage 4",1,3,1,1
2021-10-06 13:36:43,"Cage 3",6,7,1,1
2021-10-06 13:38:04,"Cage 4",6,3,1,1
2021-10-06 13:39:30,"Cage 4",6,4,1,1
2021-10-06 13:49:27,"Cage 2",6,7,1,1
2021-10-06 13:55:28,"Cage 3",7,3,1,1
2021-10-06 13:57:12,"Cage 3",6,7,1,1
2021-10-06 14:01:40,"Cage 3",7,1,1,1
2021-10-06 14:03:05,"Cage 5",7,1,1,1
2021-10-06 14:03:59,"Cage 2",6,7,1,1
2021-10-06 14:08:06,"Cage 5",1,3,1,1
2021-10-06 14:08:18,"Cage 6",6,7,1,1
2021-10-06 14:08:47,"Cage 2",6,8,1,1
2021-10-06 14:09:13,"Cage 2",6,4,1,1
2021-10-06 14:13:50,"Cage 1",6,7,1,1
2021-10-06 14:19:05,"Cage 6",6,8,1,1
2021-10-06 15:11:51,"Cage 6",6,1,1,1
2021-10-06 15:14:06,"Cage 4",6,8,1,1
2021-10-06 15:16:43,"Cage 6",6,7,1,1
2021-10-06 15:38:38,"Cage 5",6,4,1,1
2021-10-06 15:41:10,"Cage 5",6,7,1,1
2021-10-06 15:41:24,"Cage 4",6,8,1,1
2021-10-06 15:41:34,"Cage 4",6,7,1,1
2021-10-06 15:43:43,"Cage 2",1,3,1,1
2021-10-06 15:45:11,"Cage 4",7,3,1,1
2021-10-06 15:45:49,"Cage 4",6,7,1,1
2021-10-06 15:46:59,"Cage 6",6,7,1,1
2021-10-06 15:49:22,"Cage 3",6,7,1,1
2021-10-06 15:51:14,"Cage 4",1,3,1,1
2021-10-06 15:54:31,"Cage 1",1,3,1,1
2021-10-06 15:54:44,"Cage 3",6,1,1,1
2021-10-06 15:55:03,"Cage 4",6,1,1,1
2021-10-06 15:56:06,"Cage 2",7,3,1,1
2021-10-06 15:57:17,"Cage 3",6,7,1,1
2021-10-06 16:00:00,"Cage 4",1,3,1,1
2021-10-06 16:00:20,"Cage 5",6,7,1,1
2021-10-06 16:04:36,"Cage 3",6,8,1,1
2021-10-06 16:04:48,"Cage 5",6,7,1,1
2021-10-06 16:05:33,"Cage 5",1,8,1,1
2021-10-06 16:07:38,"Cage 4",6,7,1,1
2021-10-06 16:08:18,"Cage 3",1,4,1,1
2022-01-17 10:56:03,"Cage 1",7,1,1,10
2022-01-17 10:56:30,"Cage 1",8,2,1,10
2022-01-17 10:56:57,"Cage 6",5,2,1,10
2022-01-17 10:57:29,"Cage 1",8,1,1,10
2022-01-17 10:58:37,"Cage 3",5,4,1,10
2022-01-17 10:58:58,"Cage 1",5,1,1,10
2022-01-17 10:59:52,"Cage 1",2,1,1,10
2022-01-17 11:01:23,"Cage 2",5,2,1,10
2022-01-17 11:01:44,"Cage 4",5,2,1,10
2022-01-17 11:02:09,"Cage 3",5,8,1,10
2022-01-17 11:03:38,"Cage 5",5,4,1,10
2022-01-17 11:04:55,"Cage 6",8,4,1,10
2022-01-17 11:06:55,"Cage 1",7,1,1,10
2022-01-17 11:07:43,"Cage 2",5,2,1,10
2022-01-17 11:07:57,"Cage 6",5,4,1,10
2022-01-17 11:08:39,"Cage 5",5,2,1,10
2022-01-17 11:09:43,"Cage 6",5,2,1,10
2022-01-17 11:13:50,"Cage 1",5,8,1,10
2022-01-17 11:14:48,"Cage 3",5,7,1,10
2022-01-17 11:22:21,"Cage 1",5,7,1,10
2022-01-17 11:23:10,"Cage 6",4,8,1,10
2022-01-17 11:24:54,"Cage 5",4,1,1,10
2022-01-17 11:25:48,"Cage 5",5,4,1,10
2022-01-17 11:26:39,"Cage 1",1,2,1,10
2022-01-17 11:27:28,"Cage 2",5,4,1,10
2022-01-17 11:31:04,"Cage 2",5,7,1,10
2022-01-17 11:33:38,"Cage 2",5,7,1,10
2022-01-17 11:36:47,"Cage 6",2,8,1,10
2022-01-17 11:38:15,"Cage 6",5,8,1,10
2022-01-17 11:39:03,"Cage 6",5,8,1,10
2022-01-17 11:43:13,"Cage 6",5,4,1,10
2022-01-17 11:44:01,"Cage 1",5,2,1,10
2022-01-17 11:44:19,"Cage 1",5,2,1,10
2022-01-17 11:46:09,"Cage 3",5,2,1,10
2022-01-17 11:50:20,"Cage 6",5,8,1,10
2022-01-17 11:51:25,"Cage 2",4,8,1,10
2022-01-17 11:52:56,"Cage 3",5,8,1,10
2022-01-17 11:55:06,"Cage 6",5,8,1,10
2022-01-17 15:56:06,"Cage 1",5,8,1,10
2022-01-17 15:56:54,"Cage 1",5,1,1,10
2022-01-17 16:02:20,"Cage 1",5,2,1,10
2022-01-17 16:06:24,"Cage 6",5,2,1,10
2022-01-17 16:22:07,"Cage 1",8,5,1,10
2022-01-17 16:22:20,"Cage 6",5,7,1,10
2022-01-17 16:25:54,"Cage 1",5,8,1,10
2022-01-17 16:32:09,"Cage 1",5,7,1,10
2022-01-17 16:34:05,"Cage 3",4,2,1,10
2022-01-17 16:34:15,"Cage 2",5,8,1,10
2022-01-17 16:34:46,"Cage 1",5,2,1,10
2022-01-17 16:37:53,"Cage 1",5,7,1,10
2022-01-17 16:40:12,"Cage 1",5,4,1,10
2022-01-17 16:43:43,"Cage 2",5,4,1,10
2022-01-18 11:12:05,"Cage 1",5,4,1,10
2022-01-18 11:16:03,"Cage 6",8,2,1,10
2022-01-18 11:16:56,"Cage 5",8,2,1,10
2022-01-18 11:18:21,"Cage 5",8,2,1,10
2022-01-18 11:18:59,"Cage 5",8,2,1,10
2022-01-18 11:20:02,"Cage 6",2,1,1,10
2022-01-18 11:21:05,"Cage 5",8,1,1,10
2022-01-18 11:24:25,"Cage 3",5,1,1,10
2022-01-18 11:26:16,"Cage 1",5,1,1,10
2022-01-18 11:27:57,"Cage 6",4,2,1,10
2022-01-18 11:31:08,"Cage 3",5,4,1,10
2022-01-18 11:33:44,"Cage 3",5,8,1,10
2022-01-18 11:37:50,"Cage 5",5,7,1,10
2022-01-18 11:39:08,"Cage 3",5,7,1,10
2022-01-18 11:39:19,"Cage 5",5,7,1,10
2022-01-18 11:52:56,"Cage 1",8,2,1,10
2022-01-18 11:53:34,"Cage 2",5,8,1,10
2022-01-18 11:54:52,"Cage 2",5,2,1,10
2022-01-18 11:56:17,"Cage 2",5,4,1,10
2022-01-18 11:56:24,"Cage 2",5,8,1,10
2022-01-19 14:28:34,"Cage 5",1,2,1,10
2022-01-19 14:32:34,"Cage 4",5,2,1,10
2022-01-19 14:32:52,"Cage 1",5,4,1,10
2022-01-19 14:33:57,"Cage 5",8,2,1,10
2022-01-19 14:34:34,"Cage 5",5,1,1,10
2022-01-19 14:37:47,"Cage 6",5,1,1,10
2022-01-19 14:39:58,"Cage 3",5,4,1,10
2022-01-19 14:40:13,"Cage 6",5,8,1,10
2022-01-19 14:44:11,"Cage 4",5,1,1,10
2022-01-19 14:45:40,"Cage 1",5,7,1,10
2022-01-19 14:48:58,"Cage 5",5,7,1,10
2022-01-19 14:49:14,"Cage 1",5,1,1,10
2022-01-19 14:52:17,"Cage 5",5,4,1,10
2022-01-19 14:53:16,"Cage 1",1,2,1,10
2022-01-19 14:53:41,"Cage 1",5,2,1,10
2022-01-19 15:05:43,"Cage 1",5,2,1,10
2022-01-20 15:02:27,"Cage 6",7,2,1,10
2022-01-20 15:06:47,"Cage 1",5,1,1,10
2022-01-20 15:06:55,"Cage 5",8,7,1,10
2022-01-20 15:12:03,"Cage 5",7,2,1,10
2022-01-20 15:12:58,"Cage 5",5,2,1,10
2022-01-20 15:13:22,"Cage 1",8,1,1,10
2022-01-20 15:14:55,"Cage 6",4,2,1,10
2022-01-20 15:16:40,"Cage 1",8,2,1,10
2022-01-20 15:16:58,"Cage 6",5,2,1,10
2022-01-20 15:17:14,"Cage 5",5,7,1,10
2022-01-20 15:17:43,"Cage 3",5,7,1,10
2022-01-20 15:18:19,"Cage 6",5,8,1,10
2022-01-20 15:21:55,"Cage 6",5,8,1,10
2022-01-20 15:22:34,"Cage 5",5,2,1,10
2022-01-20 15:23:13,"Cage 1",5,2,1,10
2022-01-20 15:23:55,"Cage 1",8,2,1,10
2022-01-20 15:26:30,"Cage 1",5,1,1,10
2022-01-20 15:30:23,"Cage 1",5,8,1,10
2022-01-20 15:39:16,"Cage 1",5,7,1,10
2022-01-20 15:39:26,"Cage 1",5,4,1,10
2022-01-20 15:49:35,"Cage 1",8,2,1,10
2022-01-20 15:49:55,"Cage 1",5,4,1,10
2022-01-21 15:16:56,"Cage 5",5,8,1,10
2022-01-21 15:17:16,"Cage 6",5,4,1,10
2022-01-21 15:20:36,"Cage 1",5,2,1,10
2022-01-21 15:22:12,"Cage 1",5,2,1,10
2022-01-21 15:22:37,"Cage 1",5,8,1,10
2022-01-21 15:23:00,"Cage 2",5,4,1,10
2022-01-21 15:31:08,"Cage 1",5,2,1,10
2022-01-21 15:32:49,"Cage 6",5,8,1,10
2022-01-21 15:35:08,"Cage 5",4,8,1,10
2022-01-21 15:36:46,"Cage 3",4,8,1,10
2022-01-21 15:39:52,"Cage 2",5,8,1,10
2022-01-21 15:41:33,"Cage 1",5,2,1,10
2022-01-21 15:41:59,"Cage 3",5,4,1,10
2022-01-21 15:47:14,"Cage 6",8,7,1,10
2022-01-21 15:49:18,"Cage 5",8,7,1,10
2022-01-22 13:41:33,"Cage 3",5,7,1,10
2022-01-22 13:43:04,"Cage 6",5,7,1,10
2022-01-22 13:44:10,"Cage 6",5,8,1,10
2022-01-22 13:48:31,"Cage 6",2,7,1,10
2022-01-22 13:57:33,"Cage 4",5,2,1,10
2022-01-22 13:59:04,"Cage 5",1,2,1,10
2022-01-22 14:00:15,"Cage 6",8,2,1,10
2022-01-22 14:03:00,"Cage 4",5,8,1,10
2022-01-22 14:03:56,"Cage 2",5,8,1,10
2022-01-22 14:07:29,"Cage 6",5,1,1,10
2022-01-22 14:17:48,"Cage 1",7,2,1,10
2022-01-22 14:41:49,"Cage 6",5,4,1,10
2022-01-22 14:46:14,"Cage 5",1,2,1,10
2022-01-23 14:55:32,"Cage 6",1,2,1,10
2022-01-23 14:57:38,"Cage 6",5,2,1,10
2022-01-23 14:58:28,"Cage 6",5,4,1,10
2022-01-23 14:58:40,"Cage 4",5,8,1,10
2022-01-23 14:58:55,"Cage 5",5,7,1,10
2022-01-23 15:02:21,"Cage 6",5,7,1,10
2022-01-23 15:06:32,"Cage 4",5,2,1,10
2022-01-23 15:08:26,"Cage 4",5,8,1,10
2022-01-23 15:29:12,"Cage 6",5,7,1,10
2022-01-23 15:44:59,"Cage 4",5,8,1,10
2022-01-23 15:47:47,"Cage 6",5,7,1,10
2022-01-23 15:50:58,"Cage 4",5,2,1,10
2022-01-24 15:36:27,"Cage 1",1,2,1,10
2022-01-24 15:38:16,"Cage 5",1,2,1,10
2022-01-24 15:43:30,"Cage 3",5,8,1,10
2022-01-24 15:45:18,"Cage 4",5,2,1,10
2022-01-24 15:51:54,"Cage 4",5,2,1,10
2022-01-24 15:53:24,"Cage 2",5,7,1,10
2022-01-24 15:53:31,"Cage 4",5,1,1,10
2022-01-24 16:11:11,"Cage 2",5,7,1,10
2022-01-24 16:25:12,"Cage 4",5,8,1,10
2022-01-24 16:30:28,"Cage 3",4,2,1,10
2022-01-25 15:24:38,"Cage 6",4,2,1,10
2022-01-25 15:25:15,"Cage 1",7,1,1,10
2022-01-25 15:25:26,"Cage 3",4,7,1,10
2022-01-25 15:27:15,"Cage 6",5,7,1,10
2022-01-25 15:32:15,"Cage 6",5,4,1,10
2022-01-25 15:35:34,"Cage 6",5,4,1,10
2022-01-25 15:36:07,"Cage 1",5,7,1,10
2022-01-25 15:36:17,"Cage 6",5,1,1,10
2022-01-25 15:36:32,"Cage 5",5,4,1,10
2022-01-25 15:38:54,"Cage 5",5,2,1,10
2022-01-25 15:42:05,"Cage 5",8,7,1,10
2022-01-25 15:43:05,"Cage 4",5,4,1,10
2022-01-25 16:00:32,"Cage 1",7,1,1,10
2022-01-25 16:06:48,"Cage 5",5,8,1,10
2022-01-25 16:07:27,"Cage 5",7,1,1,10
2022-01-25 16:12:40,"Cage 6",5,7,1,10
2022-01-25 16:15:16,"Cage 4",5,1,1,10
2022-01-25 16:20:29,"Cage 5",1,2,1,10
2022-01-25 16:20:38,"Cage 5",5,2,1,10
2022-01-26 14:22:26,"Cage 2",5,7,1,10
2022-01-26 14:25:23,"Cage 4",1,2,1,10
2022-01-26 14:27:10,"Cage 3",5,1,1,10
2022-01-26 14:33:01,"Cage 6",5,7,1,10
2022-01-26 14:38:13,"Cage 1",5,1,1,10
2022-01-26 14:39:42,"Cage 4",5,4,1,10
2022-01-26 14:39:53,"Cage 4",5,1,1,10
2022-01-26 14:42:08,"Cage 6",5,2,1,10
2022-01-26 14:52:35,"Cage 5",5,7,1,10
2022-01-26 14:55:44,"Cage 5",5,4,1,10
2022-01-26 14:56:00,"Cage 6",5,8,1,10
2022-01-26 15:00:35,"Cage 2",5,1,1,10
2022-01-26 15:01:20,"Cage 5",5,7,1,10
2022-01-26 15:02:41,"Cage 5",5,1,1,10
2022-01-26 15:06:41,"Cage 5",5,7,1,10
2022-01-26 15:13:30,"Cage 2",5,7,1,10
2022-01-26 15:17:05,"Cage 3",5,7,1,10
NA,"Cage 5",4,1,1,2
NA,"Cage 6",3,1,1,2
NA,"Cage 5",3,1,1,2
NA,"Cage 6",3,1,1,2
NA,"Cage 5",3,1,1,2
NA,"Cage 6",3,1,1,2
NA,"Cage 6",3,1,1,2
NA,"Cage 6",3,1,1,2
NA,"Cage 6",3,1,1,2
NA,"Cage 6",3,1,1,2
NA,"Cage 6",6,1,1,2
NA,"Cage 2",6,1,1,2
NA,"Cage 5",6,1,1,2
NA,"Cage 6",6,1,1,2
NA,"Cage 5",6,1,1,2
NA,"Cage 6",6,1,1,2
NA,"Cage 4",6,1,1,2
NA,"Cage 3",6,1,1,2
NA,"Cage 5",6,1,1,2
NA,"Cage 6",7,1,1,2
NA,"Cage 1",7,1,1,2
NA,"Cage 2",7,1,1,2
NA,"Cage 2",7,1,1,2
NA,"Cage 2",7,1,1,2
NA,"Cage 2",7,1,1,2
NA,"Cage 2",7,1,1,2
NA,"Cage 4",8,1,1,2
NA,"Cage 5",8,1,1,2
NA,"Cage 3",8,1,1,2
NA,"Cage 4",8,1,1,2
NA,"Cage 4",8,1,1,2
NA,"Cage 5",8,1,1,2
NA,"Cage 3",8,1,1,2
NA,"Cage 6",8,1,1,2
NA,"Cage 4",8,1,1,2
NA,"Cage 6",8,1,1,2
NA,"Cage 2",8,1,1,2
NA,"Cage 2",8,1,1,2
NA,"Cage 5",8,1,1,2
NA,"Cage 5",8,1,1,2
NA,"Cage 5",8,1,1,2
NA,"Cage 3",8,1,1,2
NA,"Cage 2",8,1,1,2
NA,"Cage 3",8,1,1,2
NA,"Cage 3",8,1,1,2
NA,"Cage 1",8,1,1,2
NA,"Cage 6",8,1,1,2
NA,"Cage 6",8,1,1,2
NA,"Cage 1",8,1,1,2
NA,"Cage 2",8,1,1,2
NA,"Cage 6",8,1,1,2
NA,"Cage 6",8,1,1,2
NA,"Cage 6",8,1,1,2
NA,"Cage 1",8,1,1,2
NA,"Cage 2",8,1,1,2
NA,"Cage 2",8,1,1,2
NA,"Cage 4",8,1,1,2
NA,"Cage 5",8,1,1,2
NA,"Cage 5",8,1,1,2
NA,"Cage 3",8,1,1,2
NA,"Cage 2",8,1,1,2
NA,"Cage 2",8,1,1,2
NA,"Cage 1",1,3,1,2
NA,"Cage 1",1,3,1,2
NA,"Cage 1",4,3,1,2
NA,"Cage 5",4,3,1,2
NA,"Cage 2",6,3,1,2
NA,"Cage 2",6,3,1,2
NA,"Cage 6",6,3,1,2
NA,"Cage 6",6,3,1,2
NA,"Cage 3",6,3,1,2
NA,"Cage 6",7,3,0.5,2
NA,"Cage 2",7,3,1,2
NA,"Cage 3",7,3,1,2
NA,"Cage 1",8,3,1,2
NA,"Cage 1",8,3,1,2
NA,"Cage 1",8,3,1,2
NA,"Cage 1",8,3,1,2
NA,"Cage 1",8,3,1,2
NA,"Cage 2",8,3,1,2
NA,"Cage 1",8,3,1,2
NA,"Cage 1",8,3,1,2
NA,"Cage 3",8,3,1,2
NA,"Cage 4",8,3,1,2
NA,"Cage 1",8,3,1,2
NA,"Cage 3",8,3,1,2
NA,"Cage 6",8,3,1,2
NA,"Cage 2",8,3,1,2
NA,"Cage 6",8,3,1,2
NA,"Cage 3",8,3,1,2
NA,"Cage 2",8,3,1,2
NA,"Cage 2",8,3,1,2
NA,"Cage 2",8,3,1,2
NA,"Cage 2",8,3,1,2
NA,"Cage 1",8,3,1,2
NA,"Cage 5",8,3,1,2
NA,"Cage 2",8,3,1,2
NA,"Cage 2",8,3,1,2
NA,"Cage 2",8,3,1,2
NA,"Cage 2",8,3,1,2
NA,"Cage 1",8,3,1,2
NA,"Cage 2",8,3,1,2
NA,"Cage 3",8,3,1,2
NA,"Cage 2",8,3,1,2
NA,"Cage 3",8,3,1,2
NA,"Cage 4",8,3,1,2
NA,"Cage 3",8,3,1,2
NA,"Cage 6",8,3,1,2
NA,"Cage 6",8,3,1,2
NA,"Cage 2",8,3,1,2
NA,"Cage 6",8,3,1,2
NA,"Cage 4",8,3,1,2
NA,"Cage 6",8,3,1,2
NA,"Cage 2",8,3,1,2
NA,"Cage 6",8,3,1,2
NA,"Cage 2",8,3,1,2
NA,"Cage 6",8,3,1,2
NA,"Cage 2",8,3,1,2
NA,"Cage 2",8,3,1,2
NA,"Cage 2",8,3,1,2
NA,"Cage 2",8,3,1,2
NA,"Cage 2",8,3,1,2
NA,"Cage 1",8,3,1,2
NA,"Cage 5",8,3,1,2
NA,"Cage 4",8,3,1,2
NA,"Cage 2",8,3,1,2
NA,"Cage 2",8,3,1,2
NA,"Cage 3",8,3,1,2
NA,"Cage 6",8,3,1,2
NA,"Cage 2",8,3,1,2
NA,"Cage 4",8,3,1,2
NA,"Cage 6",8,3,1,2
NA,"Cage 6",8,3,1,2
NA,"Cage 3",8,3,1,2
NA,"Cage 1",8,3,1,2
NA,"Cage 5",8,3,1,2
NA,"Cage 6",8,3,1,2
NA,"Cage 3",8,3,1,2
NA,"Cage 6",8,3,1,2
NA,"Cage 3",8,3,1,2
NA,"Cage 1",8,3,1,2
NA,"Cage 6",8,3,1,2
NA,"Cage 4",8,3,1,2
NA,"Cage 2",8,3,1,2
NA,"Cage 4",8,3,1,2
NA,"Cage 2",8,3,1,2
NA,"Cage 3",8,3,1,2
NA,"Cage 6",8,3,1,2
NA,"Cage 1",8,3,1,2
NA,"Cage 3",8,3,1,2
NA,"Cage 3",8,3,1,2
NA,"Cage 1",8,3,1,2
NA,"Cage 1",3,4,1,2
NA,"Cage 4",3,4,1,2
NA,"Cage 5",3,4,1,2
NA,"Cage 4",3,4,1,2
NA,"Cage 2",3,4,1,2
NA,"Cage 4",6,4,1,2
NA,"Cage 4",6,4,1,2
NA,"Cage 2",6,4,1,2
NA,"Cage 2",6,4,1,2
NA,"Cage 6",6,4,1,2
NA,"Cage 6",6,4,1,2
NA,"Cage 6",6,4,1,2
NA,"Cage 5",6,4,1,2
NA,"Cage 6",7,4,1,2
NA,"Cage 2",7,4,1,2
NA,"Cage 3",7,4,1,2
NA,"Cage 2",7,4,1,2
NA,"Cage 4",8,4,1,2
NA,"Cage 6",8,4,1,2
NA,"Cage 2",8,4,1,2
NA,"Cage 6",8,4,1,2
NA,"Cage 3",8,4,1,2
NA,"Cage 4",8,4,1,2
NA,"Cage 4",8,4,1,2
NA,"Cage 2",8,4,1,2
NA,"Cage 3",8,4,1,2
NA,"Cage 2",8,4,1,2
NA,"Cage 2",8,4,1,2
NA,"Cage 3",8,4,1,2
NA,"Cage 6",8,4,1,2
NA,"Cage 3",8,4,1,2
NA,"Cage 6",8,4,1,2
NA,"Cage 1",8,4,1,2
NA,"Cage 2",8,4,1,2
NA,"Cage 6",8,4,1,2
NA,"Cage 4",8,4,1,2
NA,"Cage 4",8,4,1,2
NA,"Cage 1",8,4,1,2
NA,"Cage 5",8,4,1,2
NA,"Cage 6",7,6,1,2
NA,"Cage 6",7,6,1,2
NA,"Cage 6",7,6,1,2
NA,"Cage 3",7,6,1,2
NA,"Cage 2",7,6,1,2
NA,"Cage 5",7,6,1,2
NA,"Cage 1",8,6,1,2
NA,"Cage 4",8,6,1,2
NA,"Cage 5",8,6,1,2
NA,"Cage 3",8,6,1,2
NA,"Cage 2",8,6,1,2
NA,"Cage 4",8,6,1,2
NA,"Cage 2",8,6,1,2
NA,"Cage 5",8,6,1,2
NA,"Cage 6",8,6,1,2
NA,"Cage 2",8,6,1,2
NA,"Cage 2",8,6,1,2
NA,"Cage 4",8,6,1,2
NA,"Cage 2",8,6,1,2
NA,"Cage 5",8,6,1,2
NA,"Cage 6",8,6,1,2
NA,"Cage 4",8,6,1,2
NA,"Cage 1",8,6,1,2
NA,"Cage 3",8,6,1,2
NA,"Cage 5",8,6,1,2
NA,"Cage 5",8,6,1,2
NA,"Cage 6",8,6,1,2
NA,"Cage 3",8,6,1,2
NA,"Cage 2",8,6,1,2
NA,"Cage 3",8,6,1,2
NA,"Cage 2",8,6,1,2
NA,"Cage 2",8,6,1,2
NA,"Cage 1",8,6,1,2
NA,"Cage 1",8,6,1,2
NA,"Cage 6",8,6,1,2
NA,"Cage 6",8,6,1,2
NA,"Cage 6",8,6,1,2
NA,"Cage 2",8,6,1,2
NA,"Cage 2",8,6,1,2
NA,"Cage 2",8,6,1,2
NA,"Cage 2",8,6,1,2
NA,"Cage 2",8,6,1,2
NA,"Cage 3",8,6,1,2
NA,"Cage 2",8,6,1,2
NA,"Cage 4",8,6,1,2
NA,"Cage 2",8,6,1,2
NA,"Cage 3",8,6,1,2
NA,"Cage 2",8,6,1,2
NA,"Cage 6",8,6,1,2
NA,"Cage 3",8,6,1,2
NA,"Cage 5",8,6,1,2
NA,"Cage 2",8,6,1,2
NA,"Cage 2",8,6,1,2
NA,"Cage 3",8,6,1,2
NA,"Cage 5",8,6,1,2
NA,"Cage 6",8,6,1,2
NA,"Cage 6",8,6,1,2
NA,"Cage 5",8,6,1,2
NA,"Cage 5",8,6,1,2
NA,"Cage 5",8,6,1,2
NA,"Cage 2",8,6,1,2
NA,"Cage 6",8,6,1,2
NA,"Cage 3",8,6,1,2
NA,"Cage 3",8,6,1,2
NA,"Cage 3",8,6,1,2
NA,"Cage 5",8,6,1,2
NA,"Cage 1",6,7,1,2
NA,"Cage 6",6,7,1,2
NA,"Cage 3",6,7,1,2
NA,"Cage 1",6,7,1,2
NA,"Cage 1",6,7,1,2
NA,"Cage 6",8,7,1,2
NA,"Cage 4",8,7,1,2
NA,"Cage 2",8,7,1,2
NA,"Cage 6",8,7,1,2
NA,"Cage 2",8,7,1,2
NA,"Cage 1",8,7,1,2
NA,"Cage 6",8,7,1,2
NA,"Cage 1",8,7,1,2
NA,"Cage 3",8,7,1,2
NA,"Cage 4",8,7,1,2
NA,"Cage 4",8,7,1,2
NA,"Cage 5",8,7,1,2
NA,"Cage 1",8,7,1,2
NA,"Cage 4",8,7,1,2
NA,"Cage 2",8,7,1,2
NA,"Cage 4",8,7,1,2
NA,"Cage 4",8,7,1,2
NA,"Cage 1",8,7,1,2
NA,"Cage 6",8,7,1,2
NA,"Cage 2",8,7,1,2
NA,"Cage 3",8,7,1,2
NA,"Cage 6",8,7,1,2
NA,"Cage 2",8,7,1,2
NA,"Cage 2",8,7,1,2
NA,"Cage 2",8,7,1,2
NA,"Cage 2",8,7,1,2
NA,"Cage 2",8,7,1,2
NA,"Cage 2",8,7,1,2
NA,"Cage 3",8,7,1,2
NA,"Cage 4",8,7,1,2
NA,"Cage 2",8,7,1,2
NA,"Cage 4",8,7,1,2
NA,"Cage 4",8,7,1,2
NA,"Cage 2",8,7,1,2
NA,"Cage 2",8,7,1,2
NA,"Cage 3",8,7,1,2
NA,"Cage 2",8,7,1,2
NA,"Cage 3",8,7,1,2
NA,"Cage 2",8,7,1,2
NA,"Cage 3",8,7,1,2
NA,"Cage 5",8,7,1,2
NA,"Cage 1",8,4,1,2
NA,"Cage 1",6,8,1,2
NA,"Cage 3",8,6,1,2
NA,"Cage 1",7,8,1,2
2021-10-18 11:11:15,"Cage 2",4,2,1,3
2021-10-18 11:11:57,"Cage 5",7,4,1,3
2021-10-18 11:12:16,"Cage 3",7,4,1,3
2021-10-18 11:13:30,"Cage 2",7,4,1,3
2021-10-18 11:13:52,"Cage 6",7,3,1,3
2021-10-18 11:18:01,"Cage 5",7,4,1,3
2021-10-18 11:19:03,"Cage 5",4,3,1,3
2021-10-18 11:19:23,"Cage 2",7,5,1,3
2021-10-18 11:19:41,"Cage 4",7,4,1,3
2021-10-18 11:22:34,"Cage 1",7,4,1,3
2021-10-18 11:22:48,"Cage 5",7,4,1,3
2021-10-18 11:23:02,"Cage 4",7,6,1,3
2021-10-18 11:24:27,"Cage 5",4,5,1,3
2021-10-18 11:24:52,"Cage 5",7,4,1,3
2021-10-18 11:26:48,"Cage 3",7,4,1,3
2021-10-18 11:27:14,"Cage 5",4,3,1,3
2021-10-18 11:28:11,"Cage 5",3,4,1,3
2021-10-18 11:29:35,"Cage 6",7,6,1,3
2021-10-18 11:30:06,"Cage 3",7,6,1,3
2021-10-18 11:30:19,"Cage 3",7,6,1,3
2021-10-18 11:30:45,"Cage 4",3,6,1,3
2021-10-18 11:32:07,"Cage 2",5,6,1,3
2021-10-18 11:32:25,"Cage 4",5,6,1,3
2021-10-18 11:33:48,"Cage 4",7,2,1,3
2021-10-18 11:34:32,"Cage 4",3,6,1,3
2021-10-18 11:35:52,"Cage 1",7,5,1,3
2021-10-18 11:36:43,"Cage 5",7,5,1,3
2021-10-18 11:37:02,"Cage 1",4,3,1,3
2021-10-18 11:39:07,"Cage 3",7,6,1,3
2021-10-18 11:39:29,"Cage 2",7,3,1,3
2021-10-18 11:40:19,"Cage 6",7,2,1,3
2021-10-18 11:40:36,"Cage 4",7,5,1,3
2021-10-18 11:42:07,"Cage 5",7,3,1,3
2021-10-18 11:42:25,"Cage 2",7,5,1,3
2021-10-18 11:43:16,"Cage 4",7,4,1,3
2021-10-18 11:43:26,"Cage 1",3,6,1,3
2021-10-18 11:44:25,"Cage 2",2,5,1,3
2021-10-18 11:45:41,"Cage 5",4,2,1,3
2021-10-18 11:46:09,"Cage 3",7,5,1,3
2021-10-18 11:46:54,"Cage 6",7,3,1,3
2021-10-18 11:47:20,"Cage 2",2,5,1,3
2021-10-18 11:47:37,"Cage 4",7,4,1,3
2021-10-18 11:47:54,"Cage 3",7,3,1,3
2021-10-18 11:48:13,"Cage 1",5,6,1,3
2021-10-18 11:49:18,"Cage 2",7,3,1,3
2021-10-18 11:50:02,"Cage 4",7,2,1,3
2021-10-18 11:53:06,"Cage 1",7,3,1,3
2021-10-18 12:00:15,"Cage 3",4,3,1,3
2021-10-18 12:01:27,"Cage 4",5,3,1,3
2021-10-18 12:03:02,"Cage 1",7,4,1,3
2021-10-18 12:03:49,"Cage 2",7,4,1,3
2021-10-18 12:05:25,"Cage 2",2,7,1,3
2021-10-18 12:50:21,"Cage 2",7,6,1,3
2021-10-18 12:50:45,"Cage 2",7,6,1,3
2021-10-18 12:50:58,"Cage 4",7,6,1,3
2021-10-18 12:54:17,"Cage 4",7,3,1,3
2021-10-18 12:54:53,"Cage 4",7,6,1,3
2021-10-18 12:55:03,"Cage 4",7,5,1,3
2021-10-18 12:57:31,"Cage 3",7,6,1,3
2021-10-18 13:06:28,"Cage 1",7,4,1,3
2021-10-18 13:07:41,"Cage 1",4,3,1,3
2021-10-18 13:11:50,"Cage 1",3,2,1,3
2021-10-18 13:14:24,"Cage 1",7,4,1,3
2021-10-18 13:19:37,"Cage 1",7,4,1,3
2021-10-18 13:20:36,"Cage 1",7,3,1,3
2021-10-18 13:26:29,"Cage 4",2,5,1,3
2021-10-18 13:27:10,"Cage 3",7,4,1,3
2021-10-18 13:27:21,"Cage 3",7,4,1,3
2021-10-18 13:31:02,"Cage 4",3,6,1,3
2021-10-18 13:31:52,"Cage 1",7,2,1,3
2021-10-18 13:32:58,"Cage 1",7,4,1,3
2021-10-18 13:33:54,"Cage 3",7,5,1,3
2021-10-18 13:34:14,"Cage 6",7,2,1,3
2021-10-18 13:34:45,"Cage 1",7,2,1,3
2021-10-18 13:36:07,"Cage 2",7,3,1,3
2021-10-18 13:36:23,"Cage 2",7,6,1,3
2021-10-18 13:41:24,"Cage 1",4,6,1,3
2021-10-18 13:42:01,"Cage 1",4,5,1,3
2021-10-18 13:42:11,"Cage 1",7,2,1,3
2021-10-18 13:43:18,"Cage 1",7,4,1,3
2021-10-18 13:43:27,"Cage 3",7,3,1,3
2021-10-18 13:43:44,"Cage 6",7,6,1,3
2021-10-18 13:44:06,"Cage 2",7,2,1,3
2021-10-19 12:01:40,"Cage 4",7,6,1,3
2021-10-19 12:05:39,"Cage 4",4,2,1,3
2021-10-19 12:05:46,"Cage 4",4,3,1,3
2021-10-19 12:06:13,"Cage 2",4,6,1,3
2021-10-19 12:06:24,"Cage 2",4,5,1,3
2021-10-19 12:06:33,"Cage 2",7,4,1,3
2021-10-19 12:06:47,"Cage 5",7,3,1,3
2021-10-19 12:07:27,"Cage 1",7,3,1,3
2021-10-19 12:07:49,"Cage 4",7,4,1,3
2021-10-19 12:07:57,"Cage 2",7,4,1,3
2021-10-19 12:12:09,"Cage 2",7,4,1,3
2021-10-19 12:13:54,"Cage 1",7,3,1,3
2021-10-19 12:16:21,"Cage 5",7,6,1,3
2021-10-19 12:18:13,"Cage 1",7,4,1,3
2021-10-19 12:30:08,"Cage 2",7,5,1,3
2021-10-19 12:31:58,"Cage 1",7,4,1,3
2021-10-19 12:32:24,"Cage 3",7,4,1,3
2021-10-19 12:32:39,"Cage 4",7,2,1,3
2021-10-19 12:36:24,"Cage 1",7,6,1,3
2021-10-19 12:37:30,"Cage 2",7,5,1,3
2021-10-20 14:03:06,"Cage 2",7,4,1,3
2021-10-20 14:06:49,"Cage 4",7,6,1,3
2021-10-20 14:20:35,"Cage 3",6,5,1,3
2021-10-20 14:40:37,"Cage 1",7,6,1,3
2021-10-20 14:44:05,"Cage 2",7,6,1,3
2021-10-20 14:47:31,"Cage 2",7,4,1,3
2021-10-20 14:47:41,"Cage 2",7,6,1,3
2021-10-20 14:49:08,"Cage 1",7,6,1,3
2021-10-20 14:49:59,"Cage 4",7,4,1,3
2021-10-20 14:51:14,"Cage 1",7,3,1,3
2021-10-20 14:53:43,"Cage 5",7,6,1,3
2021-10-20 14:54:56,"Cage 2",4,6,1,3
2021-10-21 14:03:46,"Cage 2",7,4,1,3
2021-10-21 14:10:26,"Cage 5",7,3,1,3
2021-10-21 14:11:12,"Cage 5",7,5,1,3
2021-10-21 14:15:15,"Cage 5",7,6,1,3
2021-10-21 14:19:23,"Cage 1",7,4,1,3
2021-10-21 14:21:37,"Cage 2",7,3,1,3
2021-10-21 14:26:59,"Cage 1",4,2,1,3
2021-10-21 14:27:12,"Cage 4",7,6,1,3
2021-10-21 14:29:24,"Cage 3",4,6,1,3
2021-10-21 14:29:37,"Cage 5",7,4,1,3
2021-10-21 14:34:48,"Cage 1",7,3,1,3
2021-10-21 14:42:39,"Cage 2",7,4,1,3
2021-10-21 14:47:49,"Cage 1",7,5,1,3
2021-10-21 14:50:15,"Cage 4",7,4,1,3
2021-10-22 13:39:18,"Cage 2",4,5,1,3
2021-10-22 13:40:19,"Cage 1",7,3,1,3
2021-10-22 13:40:29,"Cage 2",4,3,1,3
2021-10-22 13:41:19,"Cage 2",7,3,1,3
2021-10-22 13:43:02,"Cage 2",4,3,1,3
2021-10-22 13:43:12,"Cage 5",7,5,1,3
2021-10-22 13:45:23,"Cage 2",7,6,1,3
2021-10-22 13:48:14,"Cage 3",7,6,1,3
2021-10-22 13:50:22,"Cage 3",4,6,1,3
2021-10-22 13:50:35,"Cage 2",7,5,1,3
2021-10-22 13:51:40,"Cage 2",4,6,1,3
2021-10-22 13:51:50,"Cage 2",7,4,1,3
2021-10-22 13:54:27,"Cage 2",7,3,1,3
2021-10-22 14:00:40,"Cage 2",7,5,1,3
2021-10-22 14:03:15,"Cage 4",4,5,1,3
2021-10-22 14:09:41,"Cage 2",4,5,1,3
2021-10-22 14:26:38,"Cage 2",4,3,1,3
2021-10-23 14:55:11,"Cage 2",7,4,1,3
2021-10-23 14:57:05,"Cage 1",7,4,1,3
2021-10-23 15:26:59,"Cage 6",7,4,1,3
2021-10-23 15:48:41,"Cage 5",7,4,1,3
2021-10-24 13:36:58,"Cage 1",4,6,1,3
2021-10-24 13:37:25,"Cage 5",7,4,1,3
2021-10-24 13:40:05,"Cage 2",4,3,1,3
2021-10-24 13:41:42,"Cage 1",7,4,1,3
2021-10-24 13:43:00,"Cage 2",5,6,1,3
2021-10-24 13:43:11,"Cage 2",7,5,1,3
2021-10-24 13:47:40,"Cage 3",7,3,1,3
2021-10-24 13:52:24,"Cage 4",7,4,1,3
2021-10-24 13:57:59,"Cage 2",4,6,1,3
2021-10-24 13:58:52,"Cage 2",7,2,1,3
2021-10-24 14:00:59,"Cage 6",7,3,1,3
2021-10-24 14:01:12,"Cage 1",7,4,1,3
2021-10-24 14:02:47,"Cage 2",4,3,1,3
2021-10-24 14:06:39,"Cage 3",7,3,1,3
2021-10-25 12:51:57,"Cage 6",7,4,1,3
2021-10-25 12:57:46,"Cage 1",7,4,1,3
2021-10-25 12:58:17,"Cage 2",4,6,1,3
2021-10-25 13:01:29,"Cage 5",6,5,1,3
2021-10-25 13:01:48,"Cage 5",4,6,1,3
2021-10-25 13:02:20,"Cage 5",7,4,1,3
2021-10-25 13:02:28,"Cage 6",7,5,1,3
2021-10-25 13:03:31,"Cage 6",4,2,1,3
2021-10-25 13:05:14,"Cage 2",4,6,1,3
2021-10-25 13:07:06,"Cage 2",4,2,1,3
2021-10-25 13:10:03,"Cage 2",4,2,1,3
2021-10-25 13:10:27,"Cage 2",7,5,1,3
2021-10-25 13:11:26,"Cage 2",4,6,1,3
2021-10-25 13:12:20,"Cage 3",7,3,1,3
2021-10-25 13:12:40,"Cage 3",7,5,1,3
2021-10-25 13:13:21,"Cage 2",4,6,1,3
2021-10-25 13:13:32,"Cage 4",7,4,1,3
2021-10-25 13:16:10,"Cage 6",4,2,1,3
2021-10-25 13:16:28,"Cage 6",7,4,1,3
2021-10-25 13:25:45,"Cage 4",4,6,1,3
2021-10-25 13:26:06,"Cage 3",7,5,1,3
2021-10-25 13:26:16,"Cage 2",7,4,1,3
2021-10-25 13:32:34,"Cage 3",4,2,1,3
2021-10-25 13:37:21,"Cage 3",7,4,1,3
2021-10-25 13:45:02,"Cage 3",7,2,1,3
2021-10-26 13:37:28,"Cage 5",7,5,1,3
2021-10-26 13:40:19,"Cage 3",4,2,1,3
2021-10-26 13:41:42,"Cage 1",7,5,1,3
2021-10-26 13:42:21,"Cage 5",7,5,1,3
2021-10-26 13:47:00,"Cage 2",4,2,1,3
2021-10-26 13:47:13,"Cage 4",4,2,1,3
2021-10-26 13:54:29,"Cage 5",2,5,1,3
2021-10-27 11:38:11,"Cage 2",4,2,1,3
2021-10-27 11:38:46,"Cage 2",4,2,1,3
2021-10-27 12:02:27,"Cage 6",7,4,1,3
2021-10-27 12:02:56,"Cage 4",4,3,1,3
2021-10-27 12:04:46,"Cage 1",7,3,1,3
2021-10-27 12:04:58,"Cage 6",4,6,1,3
2021-10-27 12:05:10,"Cage 3",7,5,1,3
2021-10-27 12:05:37,"Cage 5",4,5,1,3
2021-10-27 12:06:41,"Cage 4",4,3,1,3
2021-10-27 12:08:13,"Cage 3",7,2,1,3
2021-10-27 12:11:50,"Cage 2",7,5,1,3
2021-10-27 12:12:07,"Cage 2",4,2,1,3
2021-10-27 12:13:36,"Cage 1",4,6,1,3
2021-10-27 12:13:52,"Cage 3",4,6,1,3
2021-10-27 12:14:12,"Cage 5",4,2,1,3
2021-10-27 12:14:21,"Cage 3",4,6,1,3
2021-10-27 12:16:00,"Cage 2",4,6,1,3
2021-10-27 12:16:18,"Cage 5",4,6,1,3
2021-10-27 12:17:25,"Cage 2",7,2,1,3
2021-10-27 12:18:11,"Cage 4",5,6,1,3
2021-10-27 12:24:15,"Cage 2",7,2,1,3
2021-10-27 13:41:20,"Cage 6",7,5,1,3
2021-10-27 13:43:42,"Cage 3",7,5,1,3
2021-10-27 13:45:47,"Cage 2",7,2,1,3
2021-10-27 13:47:22,"Cage 3",7,6,1,3
2021-10-27 13:49:34,"Cage 3",4,3,1,3
2021-10-27 14:16:37,"Cage 2",7,4,1,3
2021-10-27 14:25:01,"Cage 4",7,6,1,3
2021-10-18 12:11:01,"Cage 3",7,4,1,4
2021-10-18 12:12:01,"Cage 6",7,3,1,4
2021-10-18 12:12:28,"Cage 5",7,6,1,4
2021-10-18 12:12:47,"Cage 4",7,4,1,4
2021-10-18 12:14:51,"Cage 5",7,3,1,4
2021-10-18 12:15:06,"Cage 4",7,3,1,4
2021-10-18 12:17:38,"Cage 1",7,3,1,4
2021-10-18 12:18:08,"Cage 6",6,4,1,4
2021-10-18 12:19:50,"Cage 5",7,6,1,4
2021-10-18 12:22:22,"Cage 1",6,3,1,4
2021-10-18 12:26:30,"Cage 1",7,6,1,4
2021-10-18 12:31:31,"Cage 1",7,2,1,4
2021-10-18 12:31:55,"Cage 2",7,2,1,4
2021-10-18 12:32:38,"Cage 2",7,2,1,4
2021-10-18 12:32:56,"Cage 2",7,5,1,4
2021-10-18 12:33:22,"Cage 1",7,6,1,4
2021-10-18 12:36:35,"Cage 1",7,6,1,4
2021-10-18 12:36:58,"Cage 1",7,4,1,4
2021-10-18 12:37:14,"Cage 4",7,4,1,4
2021-10-18 12:37:59,"Cage 2",7,4,1,4
2021-10-18 12:38:13,"Cage 1",7,4,1,4
2021-10-18 12:38:45,"Cage 1",7,6,1,4
2021-10-18 12:40:11,"Cage 1",7,2,1,4
2021-10-18 12:41:37,"Cage 1",3,4,1,4
2021-10-18 12:41:56,"Cage 2",7,6,1,4
2021-10-18 12:48:32,"Cage 1",7,3,1,4
2021-10-18 12:48:43,"Cage 1",7,4,1,4
2021-10-18 12:49:20,"Cage 3",7,3,1,4
2021-10-18 12:49:41,"Cage 2",7,5,1,4
2021-10-18 12:50:46,"Cage 1",7,2,1,4
2021-10-18 12:51:41,"Cage 1",3,2,1,4
2021-10-18 12:51:58,"Cage 1",7,3,1,4
2021-10-18 12:52:43,"Cage 1",7,6,1,4
2021-10-18 12:52:58,"Cage 1",7,6,1,4
2021-10-18 12:53:15,"Cage 1",7,2,1,4
2021-10-18 12:53:31,"Cage 1",7,2,1,4
2021-10-18 12:54:10,"Cage 1",3,6,1,4
2021-10-18 12:54:21,"Cage 1",7,6,1,4
2021-10-18 13:00:15,"Cage 2",7,3,1,4
2021-10-18 13:00:52,"Cage 3",7,6,1,4
2021-10-18 13:01:07,"Cage 1",7,3,1,4
2021-10-18 13:02:07,"Cage 2",7,3,1,4
2021-10-18 13:02:31,"Cage 4",7,5,1,4
2021-10-18 13:02:59,"Cage 5",7,2,1,4
2021-10-18 13:03:25,"Cage 5",7,2,1,4
2021-10-18 13:03:47,"Cage 4",7,4,1,4
2021-10-18 13:04:02,"Cage 6",7,6,1,4
2021-10-18 13:04:29,"Cage 5",7,6,1,4
2021-10-18 13:04:58,"Cage 5",7,5,1,4
2021-10-18 13:05:27,"Cage 2",7,6,1,4
2021-10-18 13:05:45,"Cage 2",7,5,1,4
2021-10-18 13:46:51,"Cage 1",7,5,1,4
2021-10-18 13:47:11,"Cage 1",7,6,1,4
2021-10-18 13:51:38,"Cage 4",7,6,1,4
2021-10-18 13:54:08,"Cage 2",7,2,1,4
2021-10-18 13:56:19,"Cage 2",7,5,1,4
2021-10-18 13:58:22,"Cage 1",7,6,1,4
2021-10-18 13:59:00,"Cage 1",7,2,1,4
2021-10-18 13:59:15,"Cage 2",7,4,1,4
2021-10-18 13:59:30,"Cage 5",7,5,1,4
2021-10-18 14:00:08,"Cage 5",7,4,1,4
2021-10-18 14:00:24,"Cage 5",7,3,1,4
2021-10-18 14:01:36,"Cage 3",7,5,1,4
2021-10-18 14:02:03,"Cage 1",7,6,1,4
2021-10-18 14:02:34,"Cage 1",7,6,1,4
2021-10-18 14:03:20,"Cage 2",7,6,1,4
2021-10-18 14:05:59,"Cage 6",7,4,1,4
2021-10-18 14:08:15,"Cage 2",7,5,1,4
2021-10-18 14:15:51,"Cage 1",7,4,1,4
2021-10-18 14:16:03,"Cage 5",7,4,1,4
2021-10-18 14:20:47,"Cage 4",7,5,1,4
2021-10-18 14:20:56,"Cage 2",7,6,1,4
2021-10-18 14:21:10,"Cage 2",7,6,1,4
2021-10-18 14:22:32,"Cage 1",7,6,1,4
2021-10-18 14:26:11,"Cage 1",7,4,1,4
2021-10-18 14:33:06,"Cage 1",7,4,1,4
2021-10-18 14:33:15,"Cage 1",7,3,1,4
2021-10-18 14:34:01,"Cage 1",7,5,1,4
2021-10-18 14:34:27,"Cage 3",7,5,1,4
2021-10-18 14:34:59,"Cage 3",7,5,1,4
2021-10-18 14:42:04,"Cage 3",7,2,1,4
2021-10-18 14:44:48,"Cage 1",7,4,1,4
2021-10-18 14:45:04,"Cage 6",7,4,1,4
2021-10-19 12:53:22,"Cage 1",7,6,1,4
2021-10-19 13:05:32,"Cage 1",7,2,1,4
2021-10-19 13:19:51,"Cage 1",7,5,1,4
2021-10-19 13:20:06,"Cage 2",7,5,1,4
2021-10-19 13:20:23,"Cage 2",7,5,1,4
2021-10-19 13:20:33,"Cage 6",7,5,1,4
2021-10-19 13:24:52,"Cage 3",7,6,1,4
2021-10-19 13:25:21,"Cage 2",7,5,1,4
2021-10-19 13:25:52,"Cage 1",5,6,1,4
2021-10-19 13:28:50,"Cage 5",7,5,1,4
2021-10-19 13:33:28,"Cage 1",5,6,1,4
2021-10-19 13:44:25,"Cage 1",7,5,1,4
2021-10-20 12:56:13,"Cage 2",7,3,1,4
2021-10-20 12:57:26,"Cage 6",7,6,1,4
2021-10-20 13:04:03,"Cage 6",7,2,1,4
2021-10-20 13:05:02,"Cage 2",7,2,1,4
2021-10-20 13:05:27,"Cage 1",7,2,1,4
2021-10-20 13:06:23,"Cage 6",7,3,1,4
2021-10-20 13:10:01,"Cage 4",7,5,1,4
2021-10-20 13:22:14,"Cage 6",7,2,1,4
2021-10-20 13:22:26,"Cage 6",7,4,1,4
2021-10-20 13:23:36,"Cage 6",7,3,1,4
2021-10-20 13:24:08,"Cage 6",7,5,1,4
2021-10-20 13:26:06,"Cage 1",7,2,1,4
2021-10-20 13:28:02,"Cage 6",7,4,1,4
2021-10-20 13:33:54,"Cage 6",7,6,1,4
2021-10-20 13:34:05,"Cage 3",7,3,1,4
2021-10-20 13:43:45,"Cage 6",7,2,1,4
2021-10-20 13:43:57,"Cage 5",7,3,1,4
2021-10-20 13:47:11,"Cage 6",7,4,1,4
2021-10-20 13:48:13,"Cage 6",7,2,1,4
2021-10-20 13:54:24,"Cage 6",7,6,1,4
2021-10-21 13:09:32,"Cage 6",7,6,1,4
2021-10-21 13:15:33,"Cage 1",7,3,1,4
2021-10-21 13:15:52,"Cage 6",7,6,1,4
2021-10-21 13:23:08,"Cage 3",7,5,1,4
2021-10-21 13:23:27,"Cage 5",7,2,1,4
2021-10-21 13:26:47,"Cage 5",3,2,1,4
2021-10-21 13:27:19,"Cage 4",7,3,1,4
2021-10-21 13:29:49,"Cage 5",5,6,1,4
2021-10-21 13:30:07,"Cage 5",7,4,1,4
2021-10-21 13:34:52,"Cage 4",7,5,1,4
2021-10-21 13:51:46,"Cage 5",3,6,1,4
2021-10-21 13:56:46,"Cage 6",7,6,1,4
2021-10-21 13:58:17,"Cage 1",7,3,1,4
2021-10-21 14:01:32,"Cage 6",7,6,1,4
2021-10-21 14:01:49,"Cage 5",7,6,1,4
2021-10-21 14:01:59,"Cage 5",7,5,1,4
2021-10-22 13:37:38,"Cage 4",7,2,1,4
2021-10-22 13:38:00,"Cage 1",7,4,1,4
2021-10-22 13:39:55,"Cage 2",7,3,1,4
2021-10-22 13:42:29,"Cage 3",3,6,1,4
2021-10-22 13:46:25,"Cage 5",7,6,1,4
2021-10-22 13:52:26,"Cage 4",7,4,1,4
2021-10-22 14:00:23,"Cage 5",7,5,1,4
2021-10-22 14:01:01,"Cage 2",7,5,1,4
2021-10-22 14:02:04,"Cage 6",5,2,1,4
2021-10-22 14:03:32,"Cage 6",7,2,1,4
2021-10-22 14:03:44,"Cage 6",7,6,1,4
2021-10-22 14:04:08,"Cage 6",7,2,1,4
2021-10-22 14:04:45,"Cage 6",6,2,1,4
2021-10-22 14:07:32,"Cage 5",7,6,1,4
2021-10-22 14:07:43,"Cage 6",7,2,1,4
2021-10-22 14:09:54,"Cage 1",7,5,1,4
2021-10-22 14:16:33,"Cage 6",7,6,1,4
2021-10-22 14:17:07,"Cage 6",6,2,1,4
2021-10-22 14:17:55,"Cage 1",7,6,1,4
2021-10-22 14:19:04,"Cage 5",7,6,1,4
2021-10-22 14:29:13,"Cage 4",7,5,1,4
2021-10-22 14:30:03,"Cage 5",7,6,1,4
2021-10-22 14:30:45,"Cage 6",7,2,1,4
2021-10-22 14:31:45,"Cage 3",7,2,1,4
2021-10-22 14:34:08,"Cage 2",7,5,1,4
2021-10-23 15:51:48,"Cage 1",7,2,1,4
2021-10-23 15:51:59,"Cage 3",7,5,1,4
2021-10-23 15:52:14,"Cage 3",7,2,1,4
2021-10-23 15:52:40,"Cage 2",7,6,1,4
2021-10-23 15:54:27,"Cage 1",7,5,1,4
2021-10-23 15:56:30,"Cage 2",7,2,1,4
2021-10-23 15:56:44,"Cage 5",7,5,1,4
2021-10-23 15:59:17,"Cage 5",7,2,1,4
2021-10-23 15:59:27,"Cage 6",7,5,1,4
2021-10-23 15:59:39,"Cage 6",7,2,1,4
2021-10-23 15:59:53,"Cage 6",7,6,1,4
2021-10-23 16:02:15,"Cage 6",7,3,1,4
2021-10-23 16:05:24,"Cage 3",7,6,1,4
2021-10-23 16:05:58,"Cage 1",7,2,1,4
2021-10-23 16:08:04,"Cage 3",7,3,1,4
2021-10-23 16:11:24,"Cage 2",7,6,1,4
2021-10-23 16:16:33,"Cage 6",7,2,1,4
2021-10-23 16:18:43,"Cage 6",7,6,1,4
2021-10-23 16:18:59,"Cage 6",7,5,1,4
2021-10-24 14:31:18,"Cage 6",7,6,1,4
2021-10-24 14:31:30,"Cage 4",7,4,1,4
2021-10-24 14:32:59,"Cage 6",7,5,1,4
2021-10-24 14:35:37,"Cage 3",7,6,1,4
2021-10-24 14:38:47,"Cage 6",7,2,1,4
2021-10-24 14:39:44,"Cage 6",7,2,1,4
2021-10-24 14:47:24,"Cage 2",7,5,1,4
2021-10-24 14:53:23,"Cage 5",7,6,1,4
2021-10-24 14:55:21,"Cage 5",7,6,1,4
2021-10-24 15:01:22,"Cage 6",7,2,1,4
2021-10-24 15:01:34,"Cage 4",7,2,1,4
2021-10-24 15:07:35,"Cage 6",7,2,1,4
2021-10-24 15:10:28,"Cage 6",7,6,1,4
2021-10-24 15:10:41,"Cage 6",7,5,1,4
2021-10-24 15:13:52,"Cage 5",7,2,1,4
2021-10-24 15:26:18,"Cage 5",7,6,1,4
2021-10-25 12:50:36,"Cage 6",7,5,1,4
2021-10-25 12:52:09,"Cage 6",7,5,1,4
2021-10-25 12:54:16,"Cage 3",3,4,1,4
2021-10-25 13:05:58,"Cage 1",7,2,1,4
2021-10-25 13:06:06,"Cage 6",7,2,1,4
2021-10-25 13:06:54,"Cage 2",4,2,1,4
2021-10-25 13:08:00,"Cage 2",7,4,1,4
2021-10-25 13:12:07,"Cage 2",7,3,1,4
2021-10-25 13:28:57,"Cage 6",3,5,1,4
2021-10-25 13:31:16,"Cage 6",7,6,1,4
2021-10-25 13:31:56,"Cage 6",7,3,1,4
2021-10-25 13:34:01,"Cage 3",7,3,1,4
2021-10-25 13:45:19,"Cage 3",7,2,1,4
2021-10-25 13:45:51,"Cage 6",7,2,1,4
2021-10-25 13:48:25,"Cage 6",7,6,1,4
2021-10-26 14:36:25,"Cage 4",7,4,1,4
2021-10-26 14:37:51,"Cage 6",7,2,1,4
2021-10-26 14:41:22,"Cage 3",3,2,1,4
2021-10-26 14:42:52,"Cage 4",7,5,1,4
2021-10-26 14:45:01,"Cage 6",7,6,1,4
2021-10-26 14:46:35,"Cage 3",7,6,1,4
2021-10-26 14:46:56,"Cage 3",7,2,1,4
2021-10-26 14:49:33,"Cage 3",7,6,1,4
2021-10-26 14:55:47,"Cage 3",7,2,1,4
2021-10-26 14:56:17,"Cage 2",7,2,1,4
2021-10-26 15:02:36,"Cage 2",3,2,1,4
2021-10-26 15:04:25,"Cage 1",3,4,1,4
2021-10-26 15:07:51,"Cage 4",3,6,1,4
2021-10-26 15:09:24,"Cage 2",3,2,1,4
2021-10-26 15:09:33,"Cage 2",7,3,1,4
2021-10-26 15:09:43,"Cage 2",7,2,1,4
2021-10-26 15:11:49,"Cage 4",7,2,1,4
2021-10-26 15:13:38,"Cage 3",7,2,1,4
2021-10-26 15:13:55,"Cage 6",7,2,1,4
2021-10-26 15:15:44,"Cage 2",6,2,1,4
2021-10-26 15:15:53,"Cage 2",7,6,1,4
2021-10-26 15:19:06,"Cage 4",7,4,1,4
2021-10-26 15:26:43,"Cage 3",7,4,1,4
2021-10-27 11:31:02,"Cage 6",7,2,1,4
2021-10-27 11:31:12,"Cage 6",3,2,1,4
2021-10-27 11:32:43,"Cage 6",7,2,1,4
2021-10-27 11:32:56,"Cage 6",7,2,1,4
2021-10-27 11:39:37,"Cage 6",7,6,1,4
2021-10-27 11:39:57,"Cage 6",7,6,1,4
2021-10-27 11:40:07,"Cage 6",7,5,1,4
2021-10-27 11:41:32,"Cage 5",7,5,1,4
2021-10-27 11:44:35,"Cage 3",7,3,1,4
2021-10-27 11:44:45,"Cage 6",7,4,1,4
2021-10-27 11:45:02,"Cage 4",7,2,1,4
2021-10-27 11:55:25,"Cage 3",7,6,1,4
2021-10-27 11:56:19,"Cage 5",7,6,1,4
2021-10-27 12:01:38,"Cage 3",7,4,1,4
2021-10-27 12:06:14,"Cage 4",7,2,1,4
2021-10-27 12:06:27,"Cage 6",7,3,1,4
2021-10-27 12:07:05,"Cage 3",7,4,1,4
2021-10-27 12:08:39,"Cage 6",5,2,1,4
2021-10-27 12:09:43,"Cage 2",7,5,1,4
2021-10-27 12:10:02,"Cage 6",7,2,1,4
2021-10-27 12:10:15,"Cage 4",7,2,1,4
2021-10-27 12:10:32,"Cage 6",7,2,1,4
2021-10-27 12:10:53,"Cage 4",7,6,1,4
2021-10-27 12:11:27,"Cage 3",7,3,1,4
2021-10-27 12:14:53,"Cage 2",7,6,1,4
2021-10-27 12:18:53,"Cage 2",7,5,1,4
2021-10-27 12:23:32,"Cage 3",7,6,1,4
2021-10-27 12:25:26,"Cage 1",7,6,1,4
2021-10-27 12:25:55,"Cage 6",7,2,1,4
2021-10-27 12:26:54,"Cage 3",7,4,1,4
2021-10-27 12:28:50,"Cage 2",7,6,1,4
2021-10-27 12:38:04,"Cage 6",7,2,1,4
2021-10-27 12:38:17,"Cage 5",7,2,1,4
2021-10-27 12:38:52,"Cage 6",7,2,1,4
2021-10-27 12:39:52,"Cage 1",7,6,1,4
2021-10-27 12:45:47,"Cage 3",7,2,1,4
2021-10-27 12:45:58,"Cage 6",7,2,1,4
2021-10-27 12:50:00,"Cage 4",7,2,1,4
2021-10-27 12:51:07,"Cage 6",7,2,1,4
2021-10-27 12:51:35,"Cage 1",7,6,1,4
2021-10-27 12:54:41,"Cage 3",7,5,1,4
2021-10-27 12:57:46,"Cage 1",7,2,1,4
2021-10-27 13:03:50,"Cage 3",7,4,1,4
2021-10-27 13:06:04,"Cage 4",7,6,1,4
2021-10-27 13:07:30,"Cage 5",7,6,1,4
2021-10-27 13:08:07,"Cage 6",7,5,1,4
2021-10-27 13:08:17,"Cage 6",7,6,1,4
2021-10-27 13:09:37,"Cage 2",7,6,1,4
2021-10-27 13:11:51,"Cage 2",7,5,1,4
2021-10-27 13:12:51,"Cage 6",7,6,1,4
2021-10-27 13:23:05,"Cage 2",7,3,1,4
2021-10-27 13:24:31,"Cage 4",7,6,1,4
2021-10-27 13:29:41,"Cage 6",7,2,1,4
2021-10-27 13:30:00,"Cage 6",7,2,1,4
2021-10-27 13:30:22,"Cage 4",7,6,1,4
2021-10-27 13:31:33,"Cage 2",7,5,1,4
2021-10-27 13:33:20,"Cage 2",7,2,1,4
2021-10-27 13:33:30,"Cage 1",7,2,1,4
2021-10-27 13:34:56,"Cage 2",7,6,1,4
2021-11-08 11:43:36,"Cage 2",1,5,1,5
2021-11-08 11:48:09,"Cage 1",4,7,1,5
2021-11-08 11:48:32,"Cage 1",1,4,1,5
2021-11-08 11:48:40,"Cage 1",6,4,1,5
2021-11-08 11:48:49,"Cage 1",6,1,1,5
2021-11-08 11:49:26,"Cage 3",6,1,1,5
2021-11-08 11:49:52,"Cage 2",6,4,1,5
2021-11-08 11:51:33,"Cage 6",5,8,1,5
2021-11-08 11:52:00,"Cage 4",1,4,1,5
2021-11-08 11:52:44,"Cage 2",6,8,1,5
2021-11-08 11:53:11,"Cage 6",6,4,1,5
2021-11-08 11:53:19,"Cage 6",6,7,1,5
2021-11-08 11:53:30,"Cage 3",6,1,1,5
2021-11-08 11:54:04,"Cage 3",1,7,1,5
2021-11-08 11:56:26,"Cage 6",6,5,1,5
2021-11-08 11:56:36,"Cage 3",6,1,1,5
2021-11-08 11:56:57,"Cage 2",6,1,1,5
2021-11-08 11:57:21,"Cage 6",4,7,1,5
2021-11-08 11:59:00,"Cage 6",6,1,1,5
2021-11-08 11:59:12,"Cage 6",1,5,1,5
2021-11-08 11:59:23,"Cage 6",4,7,1,5
2021-11-08 11:59:56,"Cage 6",1,7,1,5
2021-11-08 12:01:33,"Cage 5",6,7,1,5
2021-11-08 12:01:44,"Cage 5",6,5,1,5
2021-11-08 12:04:43,"Cage 3",6,5,1,5
2021-11-08 12:05:05,"Cage 5",4,7,1,5
2021-11-08 12:05:26,"Cage 6",6,4,1,5
2021-11-08 12:08:23,"Cage 2",5,7,1,5
2021-11-08 12:08:33,"Cage 5",5,7,1,5
2021-11-08 12:09:09,"Cage 6",5,7,1,5
2021-11-08 12:09:17,"Cage 5",6,5,1,5
2021-11-08 12:10:32,"Cage 1",1,4,1,5
2021-11-08 12:10:51,"Cage 5",5,7,1,5
2021-11-08 12:11:06,"Cage 3",6,1,1,5
2021-11-08 12:11:39,"Cage 3",6,5,1,5
2021-11-08 12:11:58,"Cage 4",6,7,1,5
2021-11-08 12:14:22,"Cage 2",1,7,1,5
2021-11-08 12:14:56,"Cage 6",6,4,1,5
2021-11-08 12:15:16,"Cage 4",6,4,1,5
2021-11-08 12:15:28,"Cage 4",6,1,1,5
2021-11-08 12:15:49,"Cage 2",6,7,1,5
2021-11-08 12:18:40,"Cage 2",6,1,1,5
2021-11-08 12:22:01,"Cage 6",6,5,1,5
2021-11-08 12:24:13,"Cage 5",5,7,1,5
2021-11-08 12:25:24,"Cage 5",1,7,1,5
2021-11-08 12:25:43,"Cage 5",1,7,1,5
2021-11-08 12:28:08,"Cage 1",6,4,1,5
2021-11-08 12:28:18,"Cage 2",6,1,1,5
2021-11-08 12:30:49,"Cage 3",6,8,1,5
2021-11-08 12:32:23,"Cage 6",5,7,1,5
2021-11-08 12:32:45,"Cage 6",1,7,1,5
2021-11-08 12:33:34,"Cage 1",6,4,1,5
2021-11-08 12:35:22,"Cage 6",1,7,1,5
2021-11-08 12:35:38,"Cage 6",5,7,1,5
2021-11-08 12:37:20,"Cage 5",1,7,1,5
2021-11-08 12:39:15,"Cage 1",6,4,1,5
2021-11-08 12:39:39,"Cage 6",6,1,1,5
2021-11-08 13:06:54,"Cage 5",6,1,1,5
2021-11-08 13:07:48,"Cage 1",1,7,1,5
2021-11-08 13:09:26,"Cage 2",6,1,1,5
2021-11-08 13:10:10,"Cage 6",5,7,1,5
2021-11-08 13:10:51,"Cage 1",6,4,1,5
2021-11-08 13:11:32,"Cage 1",6,4,1,5
2021-11-08 13:11:40,"Cage 2",6,5,1,5
2021-11-08 13:13:08,"Cage 1",4,1,1,5
2021-11-08 13:13:33,"Cage 1",6,4,1,5
2021-11-08 13:14:03,"Cage 6",1,7,1,5
2021-11-08 13:15:06,"Cage 6",1,7,1,5
2021-11-08 13:15:15,"Cage 6",5,7,1,5
2021-11-08 13:15:33,"Cage 1",6,4,1,5
2021-11-08 13:17:22,"Cage 6",5,7,1,5
2021-11-08 13:18:07,"Cage 6",1,4,1,5
2021-11-08 13:18:32,"Cage 2",6,1,1,5
2021-11-08 13:19:09,"Cage 6",5,7,1,5
2021-11-08 13:20:11,"Cage 6",6,5,1,5
2021-11-08 13:21:07,"Cage 2",6,7,1,5
2021-11-08 13:21:16,"Cage 6",6,5,1,5
2021-11-08 13:22:08,"Cage 6",1,4,1,5
2021-11-08 13:24:23,"Cage 1",6,7,1,5
2021-11-08 13:28:43,"Cage 6",6,1,1,5
2021-11-08 13:29:00,"Cage 5",6,7,1,5
2021-11-08 13:29:23,"Cage 2",6,7,1,5
2021-11-08 13:29:41,"Cage 5",6,4,1,5
2021-11-08 13:30:08,"Cage 6",6,5,1,5
2021-11-08 13:32:16,"Cage 6",1,4,1,5
2021-11-08 13:32:46,"Cage 6",1,4,1,5
2021-11-08 13:34:02,"Cage 6",1,7,1,5
2021-11-08 13:34:23,"Cage 6",6,1,1,5
2021-11-08 13:34:36,"Cage 6",1,4,1,5
2021-11-08 13:36:40,"Cage 5",6,4,1,5
2021-11-08 13:36:59,"Cage 5",5,7,1,5
2021-11-08 13:37:34,"Cage 6",6,4,1,5
2021-11-08 13:37:52,"Cage 6",6,1,1,5
2021-11-08 13:38:19,"Cage 6",6,1,1,5
2021-11-08 13:38:42,"Cage 3",6,8,1,5
2021-11-08 13:38:55,"Cage 6",1,7,1,5
2021-11-08 13:40:07,"Cage 6",6,5,1,5
2021-11-08 13:40:25,"Cage 6",6,1,1,5
2021-11-08 13:40:39,"Cage 2",6,4,1,5
2021-11-08 13:44:33,"Cage 6",1,4,1,5
2021-11-08 13:45:32,"Cage 4",6,8,1,5
2021-11-08 13:55:00,"Cage 5",6,4,1,5
2021-11-08 13:55:39,"Cage 5",6,5,1,5
2021-11-08 13:57:23,"Cage 6",7,1,1,5
2021-11-08 14:02:46,"Cage 5",6,5,1,5
2021-11-09 10:14:22,"Cage 5",6,7,1,5
2021-11-10 11:32:30,"Cage 4",6,7,1,5
2021-11-10 11:35:10,"Cage 4",5,7,1,5
2021-11-10 11:41:38,"Cage 6",6,5,1,5
2021-11-10 11:44:34,"Cage 2",6,8,1,5
2021-11-10 11:46:16,"Cage 3",5,7,1,5
2021-11-10 11:46:28,"Cage 4",6,5,1,5
2021-11-10 11:47:22,"Cage 1",5,7,1,5
2021-11-10 11:48:23,"Cage 1",5,8,1,5
2021-11-10 11:49:22,"Cage 2",6,5,1,5
2021-11-10 12:15:56,"Cage 5",5,8,1,5
2021-11-10 12:18:50,"Cage 2",5,8,1,5
2021-11-10 12:20:34,"Cage 3",5,8,1,5
2021-11-10 12:21:24,"Cage 4",6,5,1,5
2021-11-10 12:24:00,"Cage 2",6,5,1,5
2021-11-10 12:25:39,"Cage 1",6,8,1,5
2021-11-10 12:28:28,"Cage 6",5,8,1,5
2021-11-10 12:29:37,"Cage 6",6,5,1,5
2021-11-10 12:30:00,"Cage 3",8,1,1,5
2021-11-10 12:30:08,"Cage 3",6,8,1,5
2021-11-10 12:30:58,"Cage 6",6,5,1,5
2021-11-11 14:39:13,"Cage 6",6,4,1,5
2021-11-11 14:43:40,"Cage 3",6,4,1,5
2021-11-11 14:44:44,"Cage 4",1,8,1,5
2021-11-11 14:45:52,"Cage 5",1,8,1,5
2021-11-11 14:49:41,"Cage 3",6,5,1,5
2021-11-11 14:49:55,"Cage 3",6,8,1,5
2021-11-11 14:50:06,"Cage 3",6,4,1,5
2021-11-11 14:51:46,"Cage 3",6,4,1,5
2021-11-11 14:52:59,"Cage 3",6,8,1,5
2021-11-11 14:57:27,"Cage 1",6,8,1,5
2021-11-11 14:58:47,"Cage 2",6,7,1,5
2021-11-11 15:02:51,"Cage 2",6,5,1,5
2021-11-11 15:03:04,"Cage 4",6,7,1,5
2021-11-11 15:08:47,"Cage 5",6,7,0.5,5
2021-11-12 11:34:25,"Cage 4",6,7,1,5
2021-11-12 11:35:26,"Cage 6",6,1,1,5
2021-11-12 11:37:17,"Cage 3",5,4,1,5
2021-11-12 11:37:27,"Cage 3",5,4,1,5
2021-11-12 11:38:11,"Cage 6",6,5,1,5
2021-11-12 11:38:52,"Cage 6",6,5,1,5
2021-11-12 11:42:36,"Cage 5",6,7,1,5
2021-11-12 11:42:49,"Cage 2",6,5,1,5
2021-11-12 11:45:24,"Cage 6",6,5,1,5
2021-11-12 11:54:27,"Cage 2",6,4,1,5
2021-11-12 12:00:11,"Cage 3",5,1,1,5
2021-11-12 12:05:06,"Cage 4",5,4,1,5
2021-11-12 12:09:59,"Cage 3",5,7,1,5
2021-11-12 12:10:22,"Cage 2",5,7,1,5
2021-11-12 12:12:10,"Cage 3",5,8,1,5
2021-11-12 12:13:28,"Cage 2",6,5,1,5
2021-11-12 12:14:47,"Cage 5",5,7,1,5
2021-11-12 12:17:18,"Cage 2",6,8,1,5
2021-11-12 12:18:31,"Cage 1",6,8,1,5
2021-11-12 12:18:45,"Cage 2",6,7,1,5
2021-11-12 12:23:12,"Cage 5",6,7,1,5
2021-11-13 11:10:58,"Cage 5",6,4,1,5
2021-11-13 11:11:29,"Cage 6",6,5,1,5
2021-11-13 11:14:50,"Cage 2",6,5,1,5
2021-11-13 11:17:15,"Cage 2",5,7,1,5
2021-11-13 11:20:43,"Cage 4",5,1,1,5
2021-11-13 11:20:53,"Cage 4",5,4,1,5
2021-11-13 11:23:51,"Cage 3",6,4,1,5
2021-11-13 11:24:14,"Cage 4",6,5,1,5
2021-11-13 11:24:23,"Cage 3",6,5,1,5
2021-11-13 11:26:47,"Cage 5",6,8,1,5
2021-11-13 11:30:14,"Cage 4",4,7,1,5
2021-11-13 11:30:29,"Cage 4",4,7,1,5
2021-11-13 11:30:48,"Cage 4",5,4,1,5
2021-11-13 11:31:35,"Cage 3",6,4,1,5
2021-11-13 11:31:49,"Cage 4",6,4,1,5
2021-11-13 11:31:58,"Cage 5",6,5,1,5
2021-11-13 11:34:12,"Cage 5",4,7,1,5
2021-11-13 11:34:25,"Cage 5",5,4,1,5
2021-11-13 11:38:00,"Cage 4",8,7,1,5
2021-11-13 11:38:20,"Cage 6",6,4,1,5
2021-11-13 11:43:14,"Cage 3",6,5,1,5
2021-11-13 11:43:53,"Cage 6",7,8,1,5
2021-11-13 11:44:31,"Cage 6",5,8,1,5
2021-11-13 11:46:11,"Cage 2",7,8,1,5
2021-11-13 11:46:18,"Cage 1",5,4,1,5
2021-11-13 11:47:34,"Cage 5",4,7,1,5
2021-11-13 11:48:44,"Cage 2",6,4,1,5
2021-11-13 11:48:53,"Cage 1",6,8,1,5
2021-11-13 11:51:06,"Cage 2",5,1,1,5
2021-11-13 11:53:20,"Cage 4",6,7,1,5
2021-11-13 11:53:54,"Cage 3",6,4,1,5
2021-11-13 11:55:57,"Cage 5",4,7,1,5
2021-11-13 11:56:59,"Cage 1",5,8,1,5
2021-11-13 11:59:19,"Cage 6",6,4,1,5
2021-11-13 12:02:05,"Cage 5",4,7,1,5
2021-11-13 12:06:22,"Cage 5",5,4,1,5
2021-11-13 12:06:39,"Cage 4",6,7,1,5
2021-11-13 12:06:54,"Cage 5",4,7,1,5
2021-11-14 17:05:12,"Cage 4",5,4,1,5
2021-11-14 17:08:28,"Cage 6",8,4,1,5
2021-11-14 17:11:08,"Cage 1",4,7,1,5
2021-11-15 10:42:12,"Cage 3",5,7,1,5
2021-11-15 10:45:45,"Cage 6",4,7,1,5
2021-11-15 10:45:56,"Cage 2",6,1,1,5
2021-11-15 10:50:26,"Cage 3",6,5,1,5
2021-11-15 10:50:36,"Cage 1",6,8,1,5
2021-11-15 10:53:20,"Cage 6",6,5,1,5
2021-11-15 10:53:27,"Cage 6",6,1,1,5
2021-11-15 11:03:02,"Cage 6",5,4,1,5
2021-11-15 11:05:45,"Cage 5",5,7,1,5
2021-11-15 11:05:57,"Cage 5",5,7,1,5
2021-11-15 11:13:26,"Cage 5",5,7,1,5
2021-11-15 11:17:31,"Cage 4",5,7,1,5
2021-11-15 11:17:44,"Cage 4",5,7,1,5
2021-11-15 11:18:01,"Cage 6",6,5,1,5
2021-11-15 11:18:13,"Cage 6",6,5,1,5
2021-11-15 11:18:27,"Cage 6",6,7,1,5
2021-11-15 11:19:07,"Cage 1",6,4,1,5
2021-11-15 11:19:38,"Cage 5",6,8,1,5
2021-11-15 11:20:34,"Cage 5",6,4,1,5
2021-11-15 11:20:45,"Cage 4",6,5,1,5
2021-11-15 11:21:10,"Cage 3",6,4,1,5
2021-11-15 11:21:35,"Cage 6",6,5,1,5
2021-11-15 11:22:06,"Cage 3",5,7,1,5
2021-11-15 11:24:41,"Cage 5",5,7,1,5
2021-11-15 11:25:19,"Cage 6",6,5,1,5
2021-11-15 11:25:50,"Cage 5",6,5,1,5
2021-11-15 11:26:14,"Cage 6",4,7,1,5
2021-11-15 11:27:48,"Cage 3",6,1,1,5
2021-11-15 11:27:58,"Cage 3",6,7,1,5
2021-11-15 11:30:32,"Cage 2",4,7,1,5
2021-11-15 11:30:59,"Cage 1",6,5,1,5
2021-11-16 12:13:54,"Cage 3",5,4,1,5
2021-11-16 12:18:27,"Cage 3",6,5,1,5
2021-11-16 12:20:21,"Cage 5",6,4,1,5
2021-11-16 12:25:26,"Cage 3",5,1,1,5
2021-11-16 12:26:30,"Cage 6",5,8,1,5
2021-11-16 12:28:14,"Cage 3",6,5,1,5
2021-11-16 12:30:30,"Cage 4",6,1,1,5
2021-11-16 12:38:57,"Cage 3",5,1,1,5
2021-11-16 12:44:34,"Cage 6",5,4,1,5
2021-11-16 12:46:21,"Cage 6",6,4,1,5
2021-11-16 12:46:30,"Cage 4",6,1,1,5
2021-11-16 12:48:24,"Cage 6",5,8,1,5
2021-11-16 12:48:41,"Cage 6",6,8,1,5
2021-11-16 12:48:52,"Cage 6",6,5,1,5
2021-11-16 12:54:13,"Cage 3",6,5,1,5
2021-11-16 13:01:15,"Cage 6",6,8,1,5
2021-11-16 13:01:34,"Cage 6",4,7,1,5
2021-11-16 13:02:29,"Cage 6",6,7,1,5
2021-11-16 13:03:18,"Cage 2",6,4,1,5
2021-11-16 13:07:33,"Cage 6",5,7,1,5
2021-11-17 11:37:38,"Cage 3",6,5,1,5
2021-11-17 11:39:35,"Cage 1",6,4,1,5
2021-11-17 11:40:35,"Cage 3",5,8,1,5
2021-11-17 11:42:01,"Cage 4",1,8,1,5
2021-11-17 11:43:00,"Cage 4",6,5,1,5
2021-11-17 11:47:43,"Cage 3",6,5,1,5
2021-11-17 11:49:08,"Cage 3",6,4,1,5
2021-11-17 11:50:04,"Cage 1",1,8,1,5
2021-11-17 11:51:01,"Cage 2",6,5,1,5
2021-11-17 11:51:18,"Cage 6",6,8,1,5
2021-11-17 11:52:05,"Cage 3",1,8,1,5
2021-11-17 11:52:17,"Cage 3",6,8,1,5
2021-11-17 11:52:29,"Cage 3",6,1,1,5
2021-11-17 11:54:03,"Cage 4",6,4,1,5
2021-11-17 11:56:29,"Cage 3",1,8,1,5
2021-11-17 11:58:48,"Cage 2",6,5,1,5
2021-11-17 12:00:00,"Cage 6",1,8,1,5
2021-11-17 12:03:56,"Cage 3",6,5,1,5
2021-11-17 12:07:15,"Cage 3",6,5,1,5
2021-11-17 12:10:38,"Cage 3",1,8,1,5
2021-11-17 12:12:57,"Cage 3",6,5,1,5
2021-11-17 12:16:15,"Cage 6",6,5,1,5
2021-11-17 12:17:15,"Cage 6",6,5,1,5
2021-11-17 12:18:54,"Cage 3",6,5,1,5
2021-11-17 12:22:18,"Cage 4",6,8,1,5
2021-11-17 12:23:29,"Cage 5",1,8,1,5
2021-11-17 12:31:36,"Cage 3",5,4,1,5
2021-11-17 12:32:36,"Cage 3",1,8,1,5
2021-11-17 12:33:31,"Cage 2",5,4,1,5
2021-11-17 14:17:41,"Cage 4",6,4,1,5
2021-11-17 14:17:50,"Cage 1",5,7,1,5
2021-11-17 14:18:55,"Cage 6",7,8,1,5
2021-11-17 14:19:49,"Cage 6",6,4,1,5
2021-11-17 14:20:47,"Cage 1",1,8,1,5
2021-11-17 14:21:18,"Cage 3",7,1,1,5
2021-11-17 14:22:13,"Cage 6",1,8,1,5
2021-11-17 14:22:35,"Cage 5",7,8,1,5
2021-11-17 14:24:53,"Cage 4",5,1,1,5
2021-11-17 14:25:03,"Cage 3",6,5,1,5
2021-11-17 14:28:55,"Cage 4",6,5,1,5
2021-11-17 14:29:51,"Cage 3",1,8,1,5
2021-11-17 14:30:43,"Cage 3",6,1,1,5
2021-11-17 14:31:27,"Cage 3",1,8,1,5
2021-11-17 14:34:10,"Cage 6",1,7,1,5
2021-11-17 14:35:18,"Cage 1",6,5,1,5
2021-11-17 14:35:38,"Cage 5",7,8,1,5
2021-11-17 14:36:00,"Cage 6",1,8,1,5
2021-11-17 14:37:32,"Cage 4",1,8,1,5
2021-11-17 14:38:02,"Cage 4",6,1,1,5
2021-11-17 14:39:38,"Cage 3",6,5,1,5
2021-11-17 14:40:23,"Cage 2",1,8,1,5
2021-11-17 14:43:51,"Cage 5",1,8,1,5
2021-11-08 10:44:42,"Cage 5",6,8,1,6
2021-11-08 10:44:54,"Cage 5",1,6,1,6
2021-11-08 10:47:30,"Cage 3",7,8,1,6
2021-11-08 10:47:58,"Cage 3",1,7,1,6
2021-11-08 10:49:12,"Cage 4",6,5,1,6
2021-11-08 10:50:40,"Cage 4",6,7,1,6
2021-11-08 10:50:50,"Cage 4",6,7,1,6
2021-11-08 10:51:05,"Cage 3",6,5,1,6
2021-11-08 10:51:56,"Cage 1",8,4,1,6
2021-11-08 10:52:07,"Cage 3",1,8,1,6
2021-11-08 10:52:27,"Cage 4",6,8,1,6
2021-11-08 10:52:51,"Cage 3",1,7,1,6
2021-11-08 10:53:18,"Cage 5",6,5,1,6
2021-11-08 10:53:27,"Cage 5",6,7,1,6
2021-11-08 10:53:45,"Cage 5",4,5,1,6
2021-11-08 10:54:09,"Cage 1",1,8,1,6
2021-11-08 10:54:26,"Cage 2",6,5,1,6
2021-11-08 10:56:17,"Cage 3",7,8,1,6
2021-11-08 10:57:03,"Cage 6",6,7,1,6
2021-11-08 10:59:45,"Cage 5",1,4,1,6
2021-11-08 10:59:56,"Cage 6",1,7,1,6
2021-11-08 11:00:18,"Cage 2",1,6,1,6
2021-11-08 11:00:33,"Cage 2",1,4,1,6
2021-11-08 11:01:37,"Cage 2",1,4,1,6
2021-11-08 11:04:27,"Cage 5",6,7,1,6
2021-11-08 11:04:49,"Cage 6",1,8,1,6
2021-11-08 11:05:07,"Cage 6",1,7,1,6
2021-11-08 11:05:35,"Cage 6",7,8,1,6
2021-11-08 11:05:56,"Cage 3",7,8,1,6
2021-11-08 11:06:23,"Cage 5",1,7,1,6
2021-11-08 11:06:49,"Cage 5",1,4,1,6
2021-11-08 11:07:08,"Cage 2",7,5,1,6
2021-11-08 11:08:46,"Cage 1",1,8,1,6
2021-11-08 11:09:22,"Cage 2",1,4,1,6
2021-11-08 11:09:34,"Cage 5",6,5,1,6
2021-11-08 11:11:35,"Cage 2",6,7,1,6
2021-11-08 11:11:44,"Cage 2",1,6,1,6
2021-11-08 11:11:51,"Cage 2",1,7,1,6
2021-11-08 11:12:54,"Cage 2",1,4,1,6
2021-11-08 11:13:11,"Cage 1",1,5,1,6
2021-11-08 11:14:26,"Cage 3",6,7,1,6
2021-11-08 11:16:07,"Cage 1",1,8,1,6
2021-11-08 11:16:22,"Cage 1",1,5,1,6
2021-11-08 11:17:16,"Cage 2",7,8,1,6
2021-11-08 11:17:24,"Cage 5",6,4,1,6
2021-11-08 11:17:40,"Cage 3",6,8,1,6
2021-11-08 11:17:54,"Cage 6",6,8,1,6
2021-11-08 11:18:15,"Cage 6",6,8,1,6
2021-11-08 11:18:28,"Cage 6",6,7,1,6
2021-11-08 11:21:08,"Cage 3",1,6,1,6
2021-11-08 11:21:16,"Cage 6",6,8,1,6
2021-11-08 11:24:43,"Cage 5",1,4,1,6
2021-11-08 11:24:53,"Cage 3",1,7,1,6
2021-11-08 11:27:11,"Cage 6",1,5,1,6
2021-11-08 11:28:37,"Cage 5",8,4,1,6
2021-11-08 11:29:56,"Cage 2",1,8,1,6
2021-11-08 11:30:06,"Cage 2",1,4,1,6
2021-11-08 11:31:18,"Cage 1",1,8,1,6
2021-11-08 11:31:27,"Cage 1",1,4,1,6
2021-11-08 11:31:45,"Cage 4",1,8,1,6
2021-11-08 11:34:06,"Cage 5",1,4,1,6
2021-11-08 11:34:26,"Cage 6",1,6,1,6
2021-11-08 11:34:52,"Cage 4",1,8,1,6
2021-11-08 11:35:05,"Cage 2",1,6,1,6
2021-11-08 11:35:39,"Cage 4",7,8,1,6
2021-11-08 11:36:02,"Cage 4",7,8,1,6
2021-11-08 11:36:44,"Cage 6",1,7,1,6
2021-11-08 11:40:23,"Cage 2",7,8,1,6
2021-11-08 14:05:51,"Cage 4",1,4,1,6
2021-11-08 14:08:21,"Cage 6",5,7,1,6
2021-11-08 14:10:24,"Cage 5",1,4,1,6
2021-11-08 14:11:22,"Cage 6",1,4,1,6
2021-11-08 14:12:28,"Cage 3",1,6,1,6
2021-11-08 14:13:40,"Cage 6",5,7,1,6
2021-11-08 14:14:14,"Cage 5",1,4,1,6
2021-11-08 14:17:32,"Cage 6",1,6,1,6
2021-11-08 14:17:41,"Cage 6",1,4,1,6
2021-11-08 14:19:35,"Cage 6",1,4,1,6
2021-11-08 14:20:21,"Cage 1",1,6,1,6
2021-11-08 14:20:31,"Cage 1",1,4,1,6
2021-11-08 14:23:39,"Cage 6",1,4,1,6
2021-11-08 14:24:35,"Cage 6",5,7,1,6
2021-11-08 14:26:09,"Cage 4",1,4,1,6
2021-11-08 14:27:01,"Cage 1",1,4,1,6
2021-11-08 14:27:14,"Cage 5",1,8,1,6
2021-11-08 14:27:23,"Cage 6",1,6,1,6
2021-11-08 14:28:17,"Cage 2",1,6,1,6
2021-11-08 14:30:17,"Cage 6",1,7,1,6
2021-11-08 14:30:29,"Cage 1",1,4,1,6
2021-11-08 14:33:35,"Cage 6",1,7,1,6
2021-11-08 14:33:47,"Cage 6",1,4,1,6
2021-11-08 14:35:20,"Cage 2",1,4,1,6
2021-11-08 14:36:21,"Cage 5",6,7,1,6
2021-11-08 14:39:48,"Cage 3",1,4,1,6
2021-11-08 14:40:56,"Cage 1",1,6,1,6
2021-11-08 14:41:04,"Cage 1",1,8,1,6
2021-11-08 14:41:51,"Cage 4",7,5,1,6
2021-11-08 14:43:33,"Cage 4",1,7,1,6
2021-11-08 14:43:44,"Cage 4",1,4,1,6
2021-11-08 14:44:01,"Cage 4",1,7,1,6
2021-11-08 14:46:18,"Cage 1",1,4,1,6
2021-11-08 14:46:35,"Cage 4",1,6,1,6
2021-11-08 14:47:26,"Cage 2",1,6,1,6
2021-11-08 14:51:09,"Cage 6",1,6,1,6
2021-11-08 14:51:22,"Cage 6",1,4,1,6
2021-11-08 14:51:41,"Cage 2",1,4,1,6
2021-11-08 14:51:57,"Cage 3",1,4,1,6
2021-11-08 14:52:34,"Cage 5",1,8,1,6
2021-11-08 14:55:29,"Cage 5",1,8,1,6
2021-11-08 14:55:50,"Cage 2",1,6,1,6
2021-11-08 14:56:21,"Cage 3",5,7,1,6
2021-11-08 14:57:10,"Cage 3",1,4,1,6
2021-11-08 14:57:21,"Cage 4",1,4,1,6
2021-11-08 14:58:11,"Cage 6",5,8,1,6
2021-11-08 15:01:21,"Cage 2",1,4,1,6
2021-11-08 15:02:04,"Cage 3",1,4,1,6
2021-11-08 15:02:15,"Cage 4",1,7,1,6
2021-11-08 15:02:26,"Cage 4",1,4,1,6
2021-11-09 10:11:26,"Cage 5",1,8,1,6
2021-11-09 10:14:51,"Cage 1",1,7,1,6
2021-11-09 10:18:17,"Cage 4",6,7,1,6
2021-11-09 10:18:54,"Cage 3",1,6,1,6
2021-11-09 10:21:16,"Cage 3",1,5,1,6
2021-11-09 10:21:57,"Cage 1",1,4,1,6
2021-11-09 10:38:31,"Cage 5",6,7,1,6
2021-11-09 10:40:52,"Cage 6",1,6,1,6
2021-11-09 10:42:03,"Cage 5",1,7,1,6
2021-11-09 10:42:52,"Cage 4",1,6,1,6
2021-11-09 10:43:54,"Cage 2",5,8,1,6
2021-11-09 10:56:40,"Cage 2",7,8,1,6
2021-11-10 12:32:33,"Cage 6",1,7,1,6
2021-11-10 12:34:48,"Cage 2",1,6,1,6
2021-11-10 12:35:44,"Cage 2",1,5,1,6
2021-11-10 12:35:54,"Cage 3",6,7,1,6
2021-11-10 12:37:59,"Cage 4",1,7,1,6
2021-11-10 12:39:51,"Cage 4",6,5,1,6
2021-11-10 12:41:32,"Cage 5",8,6,1,6
2021-11-10 12:42:00,"Cage 4",1,6,1,6
2021-11-10 12:44:54,"Cage 3",5,8,1,6
2021-11-10 12:45:04,"Cage 1",1,5,1,6
2021-11-10 12:53:30,"Cage 4",1,6,1,6
2021-11-10 13:02:10,"Cage 5",6,5,1,6
2021-11-10 13:02:29,"Cage 1",1,6,1,6
2021-11-10 13:03:22,"Cage 5",1,7,1,6
2021-11-10 13:07:19,"Cage 3",1,8,1,6
2021-11-10 13:16:05,"Cage 2",6,7,1,6
2021-11-11 16:13:55,"Cage 1",5,7,1,6
2021-11-11 16:18:29,"Cage 2",5,7,1,6
2021-11-11 16:20:27,"Cage 1",5,7,1,6
2021-11-11 16:30:04,"Cage 6",5,7,1,6
2021-11-11 16:32:33,"Cage 6",5,7,1,6
2021-11-12 12:38:25,"Cage 6",1,6,1,6
2021-11-12 12:40:32,"Cage 1",1,7,1,6
2021-11-12 12:40:44,"Cage 2",1,6,1,6
2021-11-12 12:45:21,"Cage 2",8,6,1,6
2021-11-12 12:47:20,"Cage 1",1,6,1,6
2021-11-12 12:54:17,"Cage 1",1,6,1,6
2021-11-12 13:01:53,"Cage 6",1,6,1,6
2021-11-12 13:02:06,"Cage 4",1,6,1,6
2021-11-12 13:02:48,"Cage 1",1,7,1,6
2021-11-12 13:11:41,"Cage 2",1,7,1,6
2021-11-12 13:17:23,"Cage 1",6,5,1,6
2021-11-13 12:12:32,"Cage 3",8,6,1,6
2021-11-13 12:13:06,"Cage 1",6,7,1,6
2021-11-13 12:18:47,"Cage 2",7,5,1,6
2021-11-13 12:25:10,"Cage 1",6,5,1,6
2021-11-13 12:25:18,"Cage 1",6,7,1,6
2021-11-13 12:29:56,"Cage 2",1,6,1,6
2021-11-13 12:30:35,"Cage 2",1,6,1,6
2021-11-13 12:41:45,"Cage 1",7,5,1,6
2021-11-13 12:47:14,"Cage 4",1,5,1,6
2021-11-13 12:48:08,"Cage 2",1,5,1,6
2021-11-13 12:48:16,"Cage 3",1,5,1,6
2021-11-13 12:50:51,"Cage 1",1,6,1,6
2021-11-14 15:58:51,"Cage 2",7,8,1,6
2021-11-14 15:59:27,"Cage 2",7,8,1,6
2021-11-14 15:59:38,"Cage 1",1,6,1,6
2021-11-14 16:01:17,"Cage 1",1,6,1,6
2021-11-14 16:01:56,"Cage 3",1,7,1,6
2021-11-14 16:02:20,"Cage 1",7,8,1,6
2021-11-14 16:04:57,"Cage 2",1,7,1,6
2021-11-14 16:07:32,"Cage 5",7,8,1,6
2021-11-14 16:09:15,"Cage 3",8,6,1,6
2021-11-14 16:10:57,"Cage 2",7,8,1,6
2021-11-14 16:12:42,"Cage 2",8,6,1,6
2021-11-14 16:13:00,"Cage 4",1,4,1,6
2021-11-14 16:14:40,"Cage 3",6,7,1,6
2021-11-14 16:14:59,"Cage 2",7,8,1,6
2021-11-14 16:17:41,"Cage 3",8,6,1,6
2021-11-14 16:21:52,"Cage 6",1,6,1,6
2021-11-14 16:28:03,"Cage 6",1,5,1,6
2021-11-14 16:36:47,"Cage 4",7,8,1,6
2021-11-14 16:47:53,"Cage 6",7,8,1,6
2021-11-14 16:50:54,"Cage 4",1,8,1,6
2021-11-14 16:52:53,"Cage 6",7,8,1,6
2021-11-14 16:53:07,"Cage 3",1,8,1,6
2021-11-14 16:56:51,"Cage 6",1,7,1,6
2021-11-15 11:34:06,"Cage 6",1,6,1,6
2021-11-15 11:34:43,"Cage 6",1,6,1,6
2021-11-15 11:37:49,"Cage 6",1,7,1,6
2021-11-15 11:38:57,"Cage 2",7,8,1,6
2021-11-15 11:39:16,"Cage 2",6,5,1,6
2021-11-15 11:41:15,"Cage 3",6,7,1,6
2021-11-15 11:41:45,"Cage 3",6,7,1,6
2021-11-15 11:44:26,"Cage 6",1,6,1,6
2021-11-15 11:47:25,"Cage 2",1,7,1,6
2021-11-15 11:47:33,"Cage 4",1,6,1,6
2021-11-15 11:53:43,"Cage 2",1,8,1,6
2021-11-15 11:56:59,"Cage 2",1,6,1,6
2021-11-15 11:57:24,"Cage 5",6,7,1,6
2021-11-15 11:57:41,"Cage 2",8,6,1,6
2021-11-15 11:59:13,"Cage 3",1,6,1,6
2021-11-15 12:00:07,"Cage 6",8,6,1,6
2021-11-15 12:03:15,"Cage 3",1,7,1,6
2021-11-15 12:03:57,"Cage 4",1,7,1,6
2021-11-15 12:20:04,"Cage 3",6,7,1,6
2021-11-16 12:19:57,"Cage 2",8,6,1,6
2021-11-16 12:20:49,"Cage 6",6,1,1,6
2021-11-16 12:23:03,"Cage 6",6,7,1,6
2021-11-16 12:23:14,"Cage 5",6,7,1,6
2021-11-16 12:26:15,"Cage 3",1,7,1,6
2021-11-16 12:29:13,"Cage 5",1,6,1,6
2021-11-16 12:35:23,"Cage 3",6,5,1,6
2021-11-16 12:35:35,"Cage 5",6,5,1,6
2021-11-16 12:35:59,"Cage 3",6,8,1,6
2021-11-16 12:53:53,"Cage 2",6,7,1,6
2021-11-16 13:02:42,"Cage 3",1,8,1,6
2021-11-17 12:38:01,"Cage 4",1,6,1,6
2021-11-17 12:38:15,"Cage 3",1,6,1,6
2021-11-17 12:48:49,"Cage 3",1,6,1,6
2021-11-17 12:53:48,"Cage 3",6,5,1,6
2021-11-17 12:57:23,"Cage 1",6,5,1,6
2021-11-17 13:15:31,"Cage 6",8,6,1,6
2021-11-17 13:15:51,"Cage 5",8,6,1,6
2021-11-17 13:19:07,"Cage 6",6,5,1,6
2021-11-17 13:20:04,"Cage 2",8,6,1,6
2021-11-17 13:20:24,"Cage 3",1,8,1,6
2021-11-17 13:27:44,"Cage 5",8,6,1,6
2021-11-17 14:28:28,"Cage 3",1,6,1,6
2021-11-17 14:31:45,"Cage 6",1,6,1,6
2021-11-17 14:33:40,"Cage 6",1,6,1,6
2021-11-17 14:33:48,"Cage 5",1,8,1,6
2021-11-17 14:34:55,"Cage 2",6,7,1,6
2021-11-22 10:09:04,"Cage 5",7,3,1,7
2021-11-22 10:09:38,"Cage 4",2,6,1,7
2021-11-22 10:10:14,"Cage 2",7,1,1,7
2021-11-22 10:11:09,"Cage 4",2,1,1,7
2021-11-22 10:11:17,"Cage 2",2,7,1,7
2021-11-22 10:12:37,"Cage 1",2,6,1,7
2021-11-22 10:13:37,"Cage 2",5,6,1,7
2021-11-22 10:14:36,"Cage 1",2,7,1,7
2021-11-22 10:14:48,"Cage 2",2,6,1,7
2021-11-22 10:16:34,"Cage 4",6,5,0.5,7
2021-11-22 10:17:18,"Cage 6",2,5,1,7
2021-11-22 10:17:42,"Cage 2",2,7,1,7
2021-11-22 10:19:27,"Cage 1",7,1,1,7
2021-11-22 10:21:04,"Cage 4",2,3,1,7
2021-11-22 10:21:40,"Cage 4",2,6,1,7
2021-11-22 10:22:27,"Cage 3",2,6,1,7
2021-11-22 10:28:59,"Cage 2",2,6,1,7
2021-11-22 10:29:08,"Cage 2",2,6,1,7
2021-11-22 10:29:22,"Cage 5",2,7,1,7
2021-11-22 10:33:01,"Cage 6",2,5,1,7
2021-11-22 10:36:05,"Cage 4",3,1,1,7
2021-11-22 10:37:02,"Cage 6",2,3,1,7
2021-11-22 10:38:38,"Cage 2",2,6,1,7
2021-11-22 10:38:48,"Cage 6",7,6,1,7
2021-11-22 10:39:02,"Cage 6",2,7,1,7
2021-11-22 10:39:12,"Cage 1",2,5,1,7
2021-11-22 10:39:35,"Cage 5",7,3,1,7
2021-11-22 10:40:33,"Cage 3",2,1,1,7
2021-11-22 10:43:13,"Cage 1",2,7,1,7
2021-11-22 10:43:37,"Cage 1",6,5,1,7
2021-11-22 10:44:01,"Cage 4",2,1,1,7
2021-11-22 10:44:28,"Cage 2",2,3,1,7
2021-11-22 10:52:14,"Cage 4",2,1,1,7
2021-11-22 10:52:24,"Cage 3",7,6,1,7
2021-11-22 10:55:41,"Cage 1",2,7,1,7
2021-11-22 10:56:15,"Cage 6",2,5,1,7
2021-11-22 10:56:33,"Cage 1",2,3,1,7
2021-11-22 10:59:05,"Cage 4",2,1,1,7
2021-11-22 11:02:38,"Cage 1",2,7,1,7
2021-11-22 11:04:13,"Cage 4",2,6,1,7
2021-11-22 11:05:33,"Cage 3",2,7,1,7
2021-11-22 11:07:13,"Cage 1",2,7,1,7
2021-11-22 11:15:29,"Cage 6",5,3,1,7
2021-11-22 12:10:40,"Cage 1",7,3,1,7
2021-11-22 12:11:41,"Cage 3",2,1,1,7
2021-11-22 12:12:58,"Cage 5",2,3,1,7
2021-11-22 12:13:15,"Cage 2",2,6,1,7
2021-11-22 12:13:47,"Cage 1",2,6,1,7
2021-11-22 12:15:52,"Cage 1",2,7,1,7
2021-11-22 12:17:13,"Cage 5",2,3,1,7
2021-11-22 12:17:47,"Cage 5",2,7,1,7
2021-11-22 12:18:06,"Cage 4",3,5,1,7
2021-11-22 12:19:08,"Cage 1",2,7,1,7
2021-11-22 12:19:24,"Cage 1",2,7,1,7
2021-11-22 12:20:29,"Cage 4",2,7,1,7
2021-11-22 12:22:01,"Cage 1",2,3,1,7
2021-11-22 12:22:15,"Cage 1",2,6,1,7
2021-11-22 12:22:50,"Cage 5",2,6,1,7
2021-11-22 12:24:02,"Cage 1",2,7,1,7
2021-11-22 12:25:04,"Cage 5",5,3,1,7
2021-11-22 12:26:03,"Cage 5",2,3,1,7
2021-11-22 12:27:02,"Cage 6",5,3,1,7
2021-11-22 12:27:34,"Cage 6",2,3,1,7
2021-11-22 12:27:44,"Cage 1",2,3,1,7
2021-11-22 12:28:50,"Cage 3",2,1,1,7
2021-11-22 12:29:07,"Cage 1",2,3,1,7
2021-11-22 12:30:46,"Cage 3",2,3,1,7
2021-11-22 12:32:24,"Cage 6",5,3,1,7
2021-11-22 12:33:45,"Cage 1",2,7,1,7
2021-11-22 12:35:39,"Cage 2",2,7,1,7
2021-11-22 12:35:48,"Cage 1",2,5,1,7
2021-11-22 12:36:38,"Cage 6",5,3,1,7
2021-11-22 12:39:03,"Cage 3",5,3,1,7
2021-11-22 12:40:22,"Cage 1",2,3,1,7
2021-11-22 12:41:25,"Cage 4",5,3,1,7
2021-11-22 12:41:37,"Cage 5",2,5,1,7
2021-11-22 12:43:07,"Cage 6",2,3,1,7
2021-11-22 12:43:52,"Cage 5",2,3,1,7
2021-11-22 12:44:20,"Cage 6",2,7,1,7
2021-11-22 12:44:30,"Cage 3",2,5,1,7
2021-11-22 12:50:17,"Cage 6",2,7,1,7
2021-11-22 12:52:36,"Cage 4",5,3,1,7
2021-11-22 12:53:48,"Cage 6",2,7,1,7
2021-11-22 12:55:58,"Cage 5",2,7,1,7
2021-11-22 12:56:15,"Cage 4",2,6,1,7
2021-11-22 12:58:02,"Cage 3",2,1,1,7
2021-11-22 12:58:11,"Cage 4",2,3,1,7
2021-11-22 12:58:57,"Cage 6",2,3,1,7
2021-11-22 13:01:47,"Cage 1",2,6,1,7
2021-11-22 13:02:31,"Cage 4",2,5,1,7
2021-11-22 13:02:42,"Cage 5",2,7,1,7
2021-11-22 13:06:59,"Cage 3",2,6,1,7
2021-11-22 13:09:30,"Cage 3",2,3,1,7
2021-11-23 10:58:36,"Cage 5",2,1,1,7
2021-11-23 10:58:46,"Cage 4",2,6,1,7
2021-11-23 11:03:40,"Cage 1",2,5,1,7
2021-11-23 11:03:58,"Cage 4",2,3,1,7
2021-11-23 11:04:14,"Cage 5",2,1,1,7
2021-11-23 11:06:02,"Cage 5",2,7,1,7
2021-11-23 11:11:18,"Cage 3",5,7,1,7
2021-11-23 11:11:31,"Cage 3",2,5,1,7
2021-11-23 11:11:44,"Cage 5",2,6,1,7
2021-11-23 11:13:52,"Cage 5",2,7,1,7
2021-11-23 11:14:05,"Cage 4",2,3,1,7
2021-11-23 11:18:40,"Cage 2",2,7,1,7
2021-11-23 11:20:08,"Cage 5",2,5,1,7
2021-11-23 11:24:41,"Cage 1",2,1,1,7
2021-11-23 11:25:38,"Cage 1",2,6,1,7
2021-11-23 11:25:52,"Cage 4",2,7,1,7
2021-11-23 11:29:29,"Cage 6",2,6,1,7
2021-11-23 11:31:13,"Cage 5",2,6,1,7
2021-11-23 11:32:41,"Cage 4",2,3,1,7
2021-11-23 11:33:00,"Cage 4",2,3,1,7
2021-11-23 11:33:32,"Cage 1",2,5,1,7
2021-11-23 11:37:17,"Cage 5",2,5,1,7
2021-11-23 11:38:22,"Cage 5",2,5,1,7
2021-11-23 11:41:26,"Cage 4",5,3,1,7
2021-11-23 11:41:45,"Cage 1",2,5,1,7
2021-11-24 10:08:37,"Cage 6",2,5,1,7
2021-11-24 10:22:13,"Cage 6",2,6,1,7
2021-11-24 10:22:25,"Cage 6",2,7,1,7
2021-11-24 10:23:21,"Cage 4",2,6,1,7
2021-11-24 10:23:54,"Cage 4",2,1,1,7
2021-11-24 10:30:24,"Cage 6",5,1,1,7
2021-11-24 10:33:29,"Cage 5",7,3,1,7
2021-11-24 10:33:46,"Cage 3",2,5,1,7
2021-11-24 10:38:30,"Cage 4",3,6,1,7
2021-11-24 10:40:43,"Cage 1",2,5,1,7
2021-11-24 10:41:18,"Cage 1",2,1,1,7
2021-11-24 10:47:41,"Cage 2",2,5,1,7
2021-11-24 10:48:57,"Cage 5",5,6,1,7
2021-11-24 10:54:09,"Cage 4",2,7,1,7
2021-11-24 10:57:50,"Cage 5",2,7,1,7
2021-11-24 10:58:45,"Cage 4",2,1,1,7
2021-11-24 10:59:57,"Cage 1",2,1,1,7
2021-11-25 09:59:58,"Cage 4",2,6,1,7
2021-11-25 10:01:06,"Cage 1",2,6,1,7
2021-11-25 10:02:22,"Cage 4",2,3,1,7
2021-11-25 10:02:37,"Cage 5",7,1,1,7
2021-11-25 10:04:12,"Cage 1",2,7,1,7
2021-11-25 10:04:45,"Cage 3",2,1,1,7
2021-11-25 10:05:26,"Cage 3",2,6,1,7
2021-11-25 10:06:01,"Cage 4",2,1,1,7
2021-11-25 10:14:25,"Cage 5",7,1,1,7
2021-11-25 10:22:50,"Cage 5",2,6,1,7
2021-11-25 10:24:22,"Cage 5",1,7,1,7
2021-11-25 10:24:58,"Cage 5",2,7,1,7
2021-11-25 10:25:23,"Cage 5",2,6,1,7
2021-11-25 10:27:11,"Cage 5",2,1,1,7
2021-11-25 10:27:57,"Cage 1",2,5,1,7
2021-11-25 10:28:51,"Cage 6",2,3,1,7
2021-11-25 10:30:00,"Cage 6",2,7,1,7
2021-11-26 14:45:01,"Cage 5",2,5,1,7
2021-11-26 14:45:10,"Cage 5",2,7,1,7
2021-11-26 14:48:37,"Cage 2",2,5,1,7
2021-11-26 14:49:25,"Cage 6",2,1,1,7
2021-11-26 14:49:37,"Cage 1",2,1,1,7
2021-11-26 14:50:18,"Cage 5",2,3,1,7
2021-11-26 14:51:50,"Cage 6",2,6,1,7
2021-11-26 14:52:25,"Cage 4",2,1,1,7
2021-11-26 14:52:34,"Cage 6",2,3,1,7
2021-11-26 14:53:46,"Cage 5",2,5,1,7
2021-11-26 14:54:36,"Cage 5",2,1,1,7
2021-11-26 14:56:03,"Cage 4",2,1,1,7
2021-11-26 15:02:26,"Cage 5",2,1,1,7
2021-11-26 15:02:55,"Cage 2",2,5,1,7
2021-11-26 15:04:38,"Cage 5",2,7,1,7
2021-11-26 15:07:01,"Cage 6",2,5,1,7
2021-11-26 15:08:15,"Cage 6",2,6,1,7
2021-11-26 15:08:58,"Cage 5",2,5,1,7
2021-11-26 15:11:15,"Cage 4",2,5,1,7
2021-11-26 15:20:27,"Cage 5",2,6,1,7
2021-11-26 15:20:43,"Cage 5",2,7,1,7
2021-11-26 15:21:15,"Cage 5",2,7,1,7
2021-11-26 15:27:36,"Cage 6",2,5,1,7
2021-11-26 15:30:21,"Cage 6",2,5,1,7
2021-11-26 15:38:06,"Cage 6",2,5,1,7
2021-11-26 15:43:38,"Cage 2",2,5,1,7
2021-11-27 13:22:11,"Cage 5",7,6,1,7
2021-11-27 13:23:08,"Cage 3",2,5,1,7
2021-11-27 13:23:37,"Cage 6",2,6,1,7
2021-11-27 13:25:57,"Cage 1",2,5,1,7
2021-11-27 13:26:22,"Cage 2",2,6,1,7
2021-11-27 13:29:02,"Cage 6",2,5,1,7
2021-11-27 13:29:10,"Cage 6",2,5,1,7
2021-11-27 13:32:11,"Cage 4",2,1,1,7
2021-11-27 13:35:53,"Cage 4",7,3,1,7
2021-11-27 13:36:24,"Cage 2",5,7,1,7
2021-11-27 13:36:38,"Cage 2",2,1,1,7
2021-11-27 13:36:48,"Cage 1",2,6,1,7
2021-11-27 13:38:00,"Cage 2",7,1,1,7
2021-11-27 13:38:44,"Cage 3",2,7,1,7
2021-11-27 13:39:50,"Cage 5",2,6,1,7
2021-11-27 13:42:16,"Cage 2",2,6,1,7
2021-11-27 13:42:35,"Cage 1",2,3,1,7
2021-11-27 13:47:16,"Cage 5",2,7,1,7
2021-11-27 13:49:02,"Cage 5",2,6,1,7
2021-11-27 13:53:54,"Cage 2",2,1,1,7
2021-11-27 13:55:41,"Cage 5",7,6,1,7
2021-11-27 14:09:01,"Cage 4",2,5,1,7
2021-11-27 14:10:47,"Cage 5",5,3,1,7
2021-11-27 14:11:26,"Cage 2",2,1,1,7
2021-11-27 14:14:23,"Cage 5",7,6,1,7
2021-11-28 17:01:20,"Cage 5",2,3,1,7
2021-11-28 17:01:44,"Cage 1",2,3,1,7
2021-11-28 17:02:47,"Cage 1",2,5,1,7
2021-11-28 17:03:41,"Cage 3",2,3,1,7
2021-11-28 17:03:50,"Cage 3",2,6,1,7
2021-11-28 17:06:06,"Cage 6",2,5,1,7
2021-11-28 17:08:07,"Cage 5",2,3,1,7
2021-11-28 17:08:54,"Cage 4",2,5,1,7
2021-11-28 17:10:07,"Cage 6",2,3,1,7
2021-11-28 17:10:45,"Cage 5",2,5,1,7
2021-11-28 17:10:55,"Cage 6",2,5,1,7
2021-11-28 17:11:06,"Cage 5",2,6,1,7
2021-11-28 17:13:17,"Cage 5",2,5,1,7
2021-11-28 17:13:53,"Cage 6",2,5,1,7
2021-11-28 17:17:09,"Cage 3",2,7,1,7
2021-11-28 17:17:19,"Cage 5",2,3,1,7
2021-11-28 17:17:33,"Cage 1",2,6,1,7
2021-11-28 17:22:42,"Cage 6",2,5,1,7
2021-11-28 17:23:50,"Cage 6",2,5,1,7
2021-11-28 17:30:40,"Cage 6",2,5,1,7
2021-11-28 17:40:36,"Cage 5",2,5,1,7
2021-11-28 17:44:37,"Cage 5",2,5,1,7
2021-11-29 11:40:50,"Cage 3",2,5,1,7
2021-11-29 11:42:59,"Cage 2",2,5,1,7
2021-11-29 11:43:14,"Cage 5",2,6,1,7
2021-11-29 11:43:57,"Cage 5",5,7,1,7
2021-11-29 11:44:54,"Cage 1",2,5,1,7
2021-11-29 11:45:13,"Cage 5",2,6,1,7
2021-11-29 11:46:11,"Cage 5",2,5,1,7
2021-11-29 11:48:12,"Cage 4",2,6,1,7
2021-11-29 11:50:35,"Cage 5",7,6,1,7
2021-11-29 11:50:44,"Cage 5",2,7,1,7
2021-11-29 11:50:54,"Cage 5",2,1,1,7
2021-11-29 11:51:31,"Cage 1",2,6,1,7
2021-11-29 11:53:12,"Cage 5",5,7,1,7
2021-11-29 11:53:32,"Cage 4",2,7,1,7
2021-11-29 11:54:41,"Cage 5",7,1,1,7
2021-11-29 11:55:40,"Cage 4",2,1,1,7
2021-11-29 11:56:33,"Cage 6",2,7,1,7
2021-11-29 11:58:19,"Cage 5",2,7,1,7
2021-11-29 11:58:35,"Cage 5",2,1,1,7
2021-11-29 12:00:41,"Cage 5",2,5,1,7
2021-11-29 12:03:02,"Cage 4",2,5,1,7
2021-11-29 12:03:21,"Cage 5",2,6,1,7
2021-11-29 12:04:18,"Cage 5",2,6,1,7
2021-11-29 12:08:47,"Cage 2",2,5,1,7
2021-11-29 12:14:07,"Cage 3",2,7,1,7
2021-11-29 12:17:36,"Cage 5",2,6,1,7
2021-11-29 12:20:11,"Cage 3",2,6,1,7
2021-11-29 12:21:40,"Cage 4",2,3,1,7
2021-11-29 12:21:52,"Cage 1",2,3,1,7
2021-11-29 12:26:12,"Cage 4",2,5,1,7
2021-11-29 12:27:04,"Cage 5",2,7,1,7
2021-11-29 12:27:15,"Cage 5",2,5,1,7
2021-11-29 12:27:28,"Cage 4",2,5,1,7
2021-11-29 12:28:46,"Cage 5",7,6,1,7
2021-11-29 12:29:08,"Cage 5",7,3,0.5,7
2021-11-29 12:29:34,"Cage 5",7,5,1,7
2021-11-29 12:30:44,"Cage 1",2,6,1,7
2021-11-29 12:30:58,"Cage 4",2,1,1,7
2021-11-29 12:31:21,"Cage 2",2,6,1,7
2021-11-29 12:32:38,"Cage 5",2,5,1,7
2021-11-29 12:33:28,"Cage 5",2,5,1,7
2021-11-29 12:34:29,"Cage 4",2,6,1,7
2021-11-29 12:35:33,"Cage 2",2,5,1,7
2021-11-29 12:38:37,"Cage 5",2,5,1,7
2021-11-29 12:40:01,"Cage 3",2,3,1,7
2021-11-30 11:03:38,"Cage 2",2,1,1,7
2021-11-30 11:04:50,"Cage 6",2,6,1,7
2021-11-30 11:05:51,"Cage 6",2,5,1,7
2021-11-30 11:06:21,"Cage 4",7,1,1,7
2021-11-30 11:07:05,"Cage 5",2,6,1,7
2021-11-30 11:07:12,"Cage 5",2,7,1,7
2021-11-30 11:09:02,"Cage 1",2,7,1,7
2021-11-30 11:10:01,"Cage 5",2,7,1,7
2021-11-30 11:13:10,"Cage 4",2,3,1,7
2021-11-30 11:16:28,"Cage 5",2,5,1,7
2021-11-30 11:17:20,"Cage 5",7,6,1,7
2021-11-30 11:17:41,"Cage 4",2,5,1,7
2021-11-30 11:18:50,"Cage 6",2,5,1,7
2021-11-30 11:20:25,"Cage 3",2,7,1,7
2021-11-30 11:22:05,"Cage 5",2,6,1,7
2021-11-30 11:23:28,"Cage 5",7,6,1,7
2021-11-30 11:25:31,"Cage 5",2,6,1,7
2021-11-30 11:26:00,"Cage 6",2,6,1,7
2021-11-30 11:27:47,"Cage 5",7,6,1,7
2021-11-30 11:29:03,"Cage 2",2,3,1,7
2021-11-30 11:29:54,"Cage 2",5,1,1,7
2021-11-30 11:32:18,"Cage 6",2,5,1,7
2021-11-30 11:36:26,"Cage 5",2,5,1,7
2021-11-30 11:38:17,"Cage 6",2,5,1,7
2021-11-30 11:46:23,"Cage 5",7,6,1,7
2021-11-30 11:47:46,"Cage 3",2,5,1,7
2021-11-30 11:47:55,"Cage 5",2,7,1,7
2021-11-30 11:50:30,"Cage 1",2,1,1,7
2021-11-30 11:55:06,"Cage 3",2,3,1,7
2021-11-30 11:55:21,"Cage 5",2,7,1,7
2021-12-01 13:51:47,"Cage 4",2,3,1,7
2021-12-01 13:56:00,"Cage 2",2,5,1,7
2021-12-01 13:56:59,"Cage 4",2,5,1,7
2021-12-01 13:58:34,"Cage 1",2,5,1,7
2021-12-01 13:59:48,"Cage 2",2,3,1,7
2021-12-01 14:01:29,"Cage 1",2,7,1,7
2021-12-01 14:05:19,"Cage 2",2,7,1,7
2021-12-01 14:05:38,"Cage 2",2,6,1,7
2021-12-01 14:11:25,"Cage 2",2,1,1,7
2021-12-01 14:11:36,"Cage 4",2,6,1,7
2021-12-01 14:11:47,"Cage 3",2,5,1,7
2021-12-01 14:14:22,"Cage 2",2,5,1,7
2021-12-01 14:18:29,"Cage 1",2,7,1,7
2021-12-01 14:18:38,"Cage 1",2,1,1,7
2021-12-01 14:18:47,"Cage 1",2,7,1,7
2021-12-01 14:19:41,"Cage 5",2,6,1,7
2021-12-01 14:21:51,"Cage 5",2,3,1,7
2021-12-01 14:23:22,"Cage 5",2,3,1,7
2021-12-01 14:23:59,"Cage 4",2,7,1,7
2021-12-01 14:26:45,"Cage 2",2,5,1,7
2021-12-01 14:26:58,"Cage 3",2,3,1,7
2021-12-01 14:30:37,"Cage 2",2,6,1,7
2021-12-01 14:36:59,"Cage 2",2,7,1,7
2021-12-01 14:37:15,"Cage 6",2,5,1,7
2021-12-01 14:37:26,"Cage 2",2,6,1,7
2021-12-01 14:40:38,"Cage 2",2,5,1,7
2021-12-01 14:41:24,"Cage 6",2,7,1,7
2021-12-01 14:43:30,"Cage 6",2,6,1,7
2021-12-01 14:45:18,"Cage 4",2,6,1,7
2021-12-01 14:46:16,"Cage 5",2,6,1,7
2021-11-22 11:12:30,"Cage 5",6,1,1,8
2021-11-22 11:12:43,"Cage 4",6,1,1,8
2021-11-22 11:16:55,"Cage 4",6,3,1,8
2021-11-22 11:18:30,"Cage 2",6,5,1,8
2021-11-22 11:20:36,"Cage 5",6,3,1,8
2021-11-22 11:25:20,"Cage 4",6,3,1,8
2021-11-22 11:35:55,"Cage 5",6,3,1,8
2021-11-22 11:37:35,"Cage 4",6,5,1,8
2021-11-22 11:37:47,"Cage 4",6,1,1,8
2021-11-22 11:38:06,"Cage 5",6,5,1,8
2021-11-22 11:40:34,"Cage 3",6,3,1,8
2021-11-22 11:40:43,"Cage 6",6,3,1,8
2021-11-22 11:41:36,"Cage 1",6,3,1,8
2021-11-22 11:43:17,"Cage 4",6,3,1,8
2021-11-22 11:44:02,"Cage 1",6,3,1,8
2021-11-22 11:50:31,"Cage 5",6,3,1,8
2021-11-22 11:53:36,"Cage 1",6,7,1,8
2021-11-22 11:54:57,"Cage 1",6,1,1,8
2021-11-22 11:55:39,"Cage 4",6,3,1,8
2021-11-22 12:03:30,"Cage 2",6,2,1,8
2021-11-22 12:04:56,"Cage 3",6,5,1,8
2021-11-22 12:05:08,"Cage 3",6,5,1,8
2021-11-22 12:05:57,"Cage 3",6,7,1,8
2021-11-22 12:06:13,"Cage 3",5,1,1,8
2021-11-22 12:06:26,"Cage 3",6,5,1,8
2021-11-22 12:06:56,"Cage 1",6,3,1,8
2021-11-22 13:13:11,"Cage 6",6,5,1,8
2021-11-22 13:21:05,"Cage 4",6,3,1,8
2021-11-22 13:22:20,"Cage 3",6,5,1,8
2021-11-22 13:22:42,"Cage 3",6,5,1,8
2021-11-22 13:24:10,"Cage 6",6,5,1,8
2021-11-22 13:27:14,"Cage 1",6,5,1,8
2021-11-22 13:27:32,"Cage 4",6,3,1,8
2021-11-22 13:30:10,"Cage 4",6,3,1,8
2021-11-22 13:31:08,"Cage 4",6,3,1,8
2021-11-22 13:31:17,"Cage 4",6,1,1,8
2021-11-22 13:32:11,"Cage 1",6,3,1,8
2021-11-22 13:33:46,"Cage 6",6,5,1,8
2021-11-22 13:34:44,"Cage 3",6,5,1,8
2021-11-22 13:34:56,"Cage 4",6,3,1,8
2021-11-22 13:35:53,"Cage 2",6,5,1,8
2021-11-22 13:36:39,"Cage 5",6,1,1,8
2021-11-22 13:41:06,"Cage 4",6,3,1,8
2021-11-22 13:41:15,"Cage 3",6,7,1,8
2021-11-22 13:52:46,"Cage 2",6,3,1,8
2021-11-22 13:53:10,"Cage 4",6,5,1,8
2021-11-22 13:54:12,"Cage 2",6,3,1,8
2021-11-22 13:55:06,"Cage 4",6,3,1,8
2021-11-22 13:56:54,"Cage 4",6,3,1,8
2021-11-22 13:58:34,"Cage 4",6,3,1,8
2021-11-22 14:02:21,"Cage 4",6,3,1,8
2021-11-22 14:02:38,"Cage 4",6,3,1,8
2021-11-22 14:04:10,"Cage 1",6,3,1,8
2021-11-22 14:05:05,"Cage 6",6,3,1,8
2021-11-22 14:06:14,"Cage 4",6,3,1,8
2021-11-22 14:06:33,"Cage 4",6,3,1,8
2021-11-22 14:08:19,"Cage 2",6,3,1,8
2021-11-23 10:08:50,"Cage 5",6,3,1,8
2021-11-23 10:09:02,"Cage 6",5,2,1,8
2021-11-23 10:09:12,"Cage 5",6,3,1,8
2021-11-23 10:09:26,"Cage 3",6,3,1,8
2021-11-23 10:09:59,"Cage 4",6,3,1,8
2021-11-23 10:16:54,"Cage 5",6,3,1,8
2021-11-23 10:17:20,"Cage 4",5,7,1,8
2021-11-23 10:19:06,"Cage 4",6,7,1,8
2021-11-23 11:04:53,"Cage 6",6,5,1,8
2021-11-23 11:06:51,"Cage 5",6,5,1,8
2021-11-23 11:07:43,"Cage 1",6,3,1,8
2021-11-23 11:07:53,"Cage 4",6,1,1,8
2021-11-23 11:09:46,"Cage 5",6,2,1,8
2021-11-23 11:13:08,"Cage 6",2,5,1,8
2021-11-23 11:16:36,"Cage 3",6,3,1,8
2021-11-23 11:19:28,"Cage 3",6,2,1,8
2021-11-24 16:03:52,"Cage 4",6,2,1,8
2021-11-24 16:05:06,"Cage 3",2,7,1,8
2021-11-24 16:05:15,"Cage 5",2,7,1,8
2021-11-24 16:13:22,"Cage 3",7,3,1,8
2021-11-24 16:16:42,"Cage 1",2,3,1,8
2021-11-24 16:17:01,"Cage 3",6,3,1,8
2021-11-24 16:22:20,"Cage 1",2,7,1,8
2021-11-24 16:22:50,"Cage 1",2,3,1,8
2021-11-24 16:23:00,"Cage 5",2,6,1,8
2021-11-24 16:23:18,"Cage 5",2,3,1,8
2021-11-24 16:23:54,"Cage 6",2,5,1,8
2021-11-24 16:24:43,"Cage 1",2,7,1,8
2021-11-24 16:24:58,"Cage 2",2,3,1,8
2021-11-24 16:25:08,"Cage 1",6,2,1,8
2021-11-24 16:25:41,"Cage 2",6,2,1,8
2021-11-24 16:26:00,"Cage 5",6,5,1,8
2021-11-24 16:26:25,"Cage 4",6,2,1,8
2021-11-24 16:28:02,"Cage 2",6,2,1,8
2021-11-24 16:28:23,"Cage 5",2,3,1,8
2021-11-24 16:32:29,"Cage 5",6,3,1,8
2021-11-24 16:32:50,"Cage 3",2,3,1,8
2021-11-24 16:33:13,"Cage 4",6,1,1,8
2021-11-24 16:33:24,"Cage 5",6,3,1,8
2021-11-24 16:33:38,"Cage 3",6,2,1,8
2021-11-24 16:36:53,"Cage 4",6,5,1,8
2021-11-24 16:47:28,"Cage 5",6,2,1,8
2021-11-26 15:48:05,"Cage 6",6,2,1,8
2021-11-26 15:49:56,"Cage 6",6,7,1,8
2021-11-26 15:51:43,"Cage 4",6,5,1,8
2021-11-26 15:53:46,"Cage 2",6,5,1,8
2021-11-26 15:53:56,"Cage 4",6,7,1,8
2021-11-26 15:55:27,"Cage 1",6,2,1,8
2021-11-26 15:56:40,"Cage 6",2,7,1,8
2021-11-26 15:56:49,"Cage 3",6,1,1,8
2021-11-26 16:00:02,"Cage 6",6,2,1,8
2021-11-26 16:00:52,"Cage 3",6,5,1,8
2021-11-26 16:08:14,"Cage 3",6,1,1,8
2021-11-26 16:09:49,"Cage 3",6,5,1,8
2021-11-26 16:09:59,"Cage 5",6,3,1,8
2021-11-26 16:10:11,"Cage 6",6,3,1,8
2021-11-26 16:10:31,"Cage 2",6,1,1,8
2021-11-26 16:11:35,"Cage 6",6,1,1,8
2021-11-26 16:13:17,"Cage 5",6,5,1,8
2021-11-26 16:18:39,"Cage 2",6,2,1,8
2021-11-26 16:20:41,"Cage 6",6,1,1,8
2021-11-26 16:22:33,"Cage 3",6,5,1,8
2021-11-26 16:25:48,"Cage 5",6,5,1,8
2021-11-26 16:28:02,"Cage 6",6,5,1,8
2021-11-26 16:31:37,"Cage 6",6,1,1,8
2021-11-26 16:31:46,"Cage 5",2,1,1,8
2021-11-27 13:22:00,"Cage 3",6,5,1,8
2021-11-27 13:23:22,"Cage 4",6,1,1,8
2021-11-27 13:24:28,"Cage 2",6,3,1,8
2021-11-27 13:25:00,"Cage 5",6,5,1,8
2021-11-27 13:28:33,"Cage 1",7,1,1,8
2021-11-27 13:30:07,"Cage 3",1,3,1,8
2021-11-27 13:30:17,"Cage 1",6,3,1,8
2021-11-27 13:30:59,"Cage 4",6,2,1,8
2021-11-27 13:31:16,"Cage 6",1,5,1,8
2021-11-27 13:31:55,"Cage 5",6,5,1,8
2021-11-27 13:32:39,"Cage 3",3,7,1,8
2021-11-27 13:33:51,"Cage 4",2,3,1,8
2021-11-27 13:34:11,"Cage 3",6,2,1,8
2021-11-27 13:40:07,"Cage 5",6,5,1,8
2021-11-27 13:41:59,"Cage 6",2,5,1,8
2021-11-27 13:43:49,"Cage 2",6,5,1,8
2021-11-27 13:47:39,"Cage 5",1,3,1,8
2021-11-27 13:48:29,"Cage 2",6,7,1,8
2021-11-27 13:48:45,"Cage 6",6,2,1,8
2021-11-27 13:50:44,"Cage 5",1,3,1,8
2021-11-27 13:50:52,"Cage 6",1,3,1,8
2021-11-27 13:51:03,"Cage 5",6,1,1,8
2021-11-27 13:51:29,"Cage 2",7,3,1,8
2021-11-27 13:51:54,"Cage 5",6,7,1,8
2021-11-27 13:55:08,"Cage 6",6,3,1,8
2021-11-27 14:08:37,"Cage 6",6,7,1,8
2021-11-28 15:56:11,"Cage 2",1,3,1,8
2021-11-28 16:00:05,"Cage 4",1,7,1,8
2021-11-28 16:00:19,"Cage 5",1,5,1,8
2021-11-28 16:01:04,"Cage 4",1,3,1,8
2021-11-28 16:01:13,"Cage 6",6,3,1,8
2021-11-28 16:01:37,"Cage 6",6,5,1,8
2021-11-28 16:07:00,"Cage 6",6,2,1,8
2021-11-28 16:07:08,"Cage 3",6,2,1,8
2021-11-28 16:08:40,"Cage 2",2,1,1,8
2021-11-28 16:08:49,"Cage 2",6,2,1,8
2021-11-28 16:10:37,"Cage 2",6,1,1,8
2021-11-28 16:11:54,"Cage 6",6,7,1,8
2021-11-28 16:13:18,"Cage 3",6,2,1,8
2021-11-28 16:14:54,"Cage 4",2,5,1,8
2021-11-28 16:15:08,"Cage 2",6,1,1,8
2021-11-28 16:15:17,"Cage 2",6,5,1,8
2021-11-28 16:15:51,"Cage 6",6,2,1,8
2021-11-28 16:19:58,"Cage 3",6,7,1,8
2021-11-28 16:27:26,"Cage 2",2,5,1,8
2021-11-28 16:27:40,"Cage 2",6,5,1,8
2021-11-28 16:28:41,"Cage 4",6,2,1,8
2021-11-28 16:30:37,"Cage 2",6,7,1,8
2021-11-28 16:30:57,"Cage 2",6,7,1,8
2021-11-28 16:32:30,"Cage 5",6,5,1,8
2021-11-28 16:37:12,"Cage 6",6,2,1,8
2021-11-28 16:40:29,"Cage 3",6,7,1,8
2021-11-28 16:42:09,"Cage 3",6,5,1,8
2021-11-28 16:42:19,"Cage 6",6,2,1,8
2021-11-28 16:47:20,"Cage 5",2,5,1,8
2021-11-29 14:07:28,"Cage 3",6,2,1,8
2021-11-29 14:08:15,"Cage 5",6,5,1,8
2021-11-29 14:08:29,"Cage 4",5,1,1,8
2021-11-29 14:09:23,"Cage 3",1,3,1,8
2021-11-29 14:09:37,"Cage 5",6,1,1,8
2021-11-29 14:11:07,"Cage 4",6,5,1,8
2021-11-29 14:12:09,"Cage 5",1,3,1,8
2021-11-29 14:13:48,"Cage 4",6,2,1,8
2021-11-29 14:22:10,"Cage 6",6,1,1,8
2021-11-29 14:22:52,"Cage 6",6,1,1,8
2021-11-29 14:23:20,"Cage 1",6,1,1,8
2021-11-29 14:24:00,"Cage 5",6,3,1,8
2021-11-29 14:25:03,"Cage 2",6,3,1,8
2021-11-29 14:25:42,"Cage 1",6,2,1,8
2021-11-29 14:25:51,"Cage 4",6,1,1,8
2021-11-29 14:26:19,"Cage 6",6,5,1,8
2021-11-29 14:29:55,"Cage 6",2,5,1,8
2021-11-29 14:30:17,"Cage 3",6,7,1,8
2021-11-29 14:34:06,"Cage 5",2,3,1,8
2021-11-29 14:41:13,"Cage 3",6,5,1,8
2021-11-29 14:43:13,"Cage 2",6,3,1,8
2021-11-29 14:47:47,"Cage 2",6,5,1,8
2021-11-29 14:49:05,"Cage 4",6,2,1,8
2021-11-30 11:02:53,"Cage 6",6,7,1,8
2021-11-30 11:03:07,"Cage 6",2,1,1,8
2021-11-30 11:03:58,"Cage 5",6,5,1,8
2021-11-30 11:05:34,"Cage 6",6,5,1,8
2021-11-30 11:06:40,"Cage 2",6,3,1,8
2021-11-30 11:07:31,"Cage 4",6,5,1,8
2021-11-30 11:09:44,"Cage 5",6,3,1,8
2021-11-30 11:14:58,"Cage 2",6,3,1,8
2021-11-30 11:15:23,"Cage 6",2,7,1,8
2021-11-30 11:19:41,"Cage 2",6,5,1,8
2021-11-30 11:23:45,"Cage 3",2,3,1,8
2021-11-30 11:24:35,"Cage 5",6,2,1,8
2021-11-30 11:32:52,"Cage 3",6,1,1,8
2021-11-30 11:35:22,"Cage 3",6,5,1,8
2021-11-30 11:37:52,"Cage 3",6,2,1,8
2021-11-30 11:38:59,"Cage 1",1,5,1,8
2021-11-30 11:40:29,"Cage 5",2,5,1,8
2021-11-30 11:42:38,"Cage 3",6,2,1,8
2021-11-30 11:42:54,"Cage 1",1,3,1,8
2021-11-30 11:43:26,"Cage 3",6,1,1,8
2021-11-30 11:45:35,"Cage 3",1,5,1,8
2021-11-30 11:46:46,"Cage 5",6,5,1,8
2021-11-30 11:49:31,"Cage 6",2,3,1,8
2021-11-30 11:50:48,"Cage 1",6,5,1,8
2021-12-01 12:52:16,"Cage 2",6,3,1,8
2021-12-01 12:52:31,"Cage 3",6,5,1,8
2021-12-01 12:53:18,"Cage 3",6,3,1,8
2021-12-01 12:55:55,"Cage 5",6,5,1,8
2021-12-01 12:56:06,"Cage 4",6,3,1,8
2021-12-01 12:59:20,"Cage 3",1,3,1,8
2021-12-01 12:59:31,"Cage 3",6,1,1,8
2021-12-01 13:00:38,"Cage 2",6,3,1,8
2021-12-01 13:04:13,"Cage 5",6,5,1,8
2021-12-01 13:04:29,"Cage 5",2,5,1,8
2021-12-01 13:06:03,"Cage 2",6,1,1,8
2021-12-01 13:07:37,"Cage 2",6,5,1,8
2021-12-01 13:09:10,"Cage 5",1,3,1,8
2021-12-01 13:09:19,"Cage 5",6,3,1,8
2021-12-01 13:09:32,"Cage 3",6,7,1,8
2021-12-01 13:11:37,"Cage 3",6,2,1,8
2021-12-01 13:11:54,"Cage 4",6,3,1,8
2021-12-01 13:12:31,"Cage 6",2,7,1,8
2021-12-01 13:13:20,"Cage 2",6,2,1,8
2021-12-01 13:17:23,"Cage 3",6,2,1,8
2021-12-01 13:18:29,"Cage 1",1,7,1,8
2021-12-01 13:21:42,"Cage 3",6,3,1,8
2021-12-01 13:21:58,"Cage 3",6,7,1,8
2021-12-01 13:22:08,"Cage 3",6,2,1,8
2021-12-01 13:27:24,"Cage 2",6,3,1,8
2021-12-01 13:29:45,"Cage 5",6,7,1,8
2021-12-01 13:33:16,"Cage 3",6,3,1,8
2021-12-01 13:41:49,"Cage 3",6,5,1,8
2022-01-17 10:57:45,"Cage 5",8,5,1,9
2022-01-17 10:59:16,"Cage 6",8,1,1,9
2022-01-17 10:59:35,"Cage 5",8,5,1,9
2022-01-17 11:00:10,"Cage 5",8,5,1,9
2022-01-17 11:00:40,"Cage 3",8,1,1,9
2022-01-17 11:03:24,"Cage 6",8,2,1,9
2022-01-17 11:04:47,"Cage 5",8,1,1,9
2022-01-17 11:05:12,"Cage 6",8,4,1,9
2022-01-17 11:06:34,"Cage 5",7,4,1,9
2022-01-17 11:10:31,"Cage 5",8,2,1,9
2022-01-17 11:11:13,"Cage 5",2,4,1,9
2022-01-17 11:11:36,"Cage 6",8,1,1,9
2022-01-17 11:11:44,"Cage 6",8,4,1,9
2022-01-17 11:12:06,"Cage 6",2,5,1,9
2022-01-17 11:12:33,"Cage 5",8,7,1,9
2022-01-17 11:14:34,"Cage 4",8,1,1,9
2022-01-17 11:15:12,"Cage 1",8,2,1,9
2022-01-17 11:15:29,"Cage 6",8,5,1,9
2022-01-17 11:15:50,"Cage 5",8,2,1,9
2022-01-17 11:16:30,"Cage 4",8,7,1,9
2022-01-17 11:16:53,"Cage 5",8,2,1,9
2022-01-17 11:20:17,"Cage 5",8,4,1,9
2022-01-17 11:20:27,"Cage 6",8,5,1,9
2022-01-17 11:20:44,"Cage 2",8,1,1,9
2022-01-17 11:20:56,"Cage 2",8,1,1,9
2022-01-17 11:21:10,"Cage 6",2,5,1,9
2022-01-17 11:22:40,"Cage 5",8,1,1,9
2022-01-17 11:23:26,"Cage 5",2,5,1,9
2022-01-17 11:23:45,"Cage 5",2,5,1,9
2022-01-17 11:23:56,"Cage 2",8,7,1,9
2022-01-17 11:26:58,"Cage 1",8,7,1,9
2022-01-17 11:28:34,"Cage 6",8,1,1,9
2022-01-17 11:28:55,"Cage 6",8,5,1,9
2022-01-17 11:29:55,"Cage 3",8,4,1,9
2022-01-17 11:30:35,"Cage 6",2,5,1,9
2022-01-17 11:33:48,"Cage 5",2,5,1,9
2022-01-17 11:34:23,"Cage 6",8,1,1,9
2022-01-17 11:35:14,"Cage 2",8,4,1,9
2022-01-17 11:36:02,"Cage 6",8,5,1,9
2022-01-17 11:36:21,"Cage 5",8,7,1,9
2022-01-17 11:37:37,"Cage 5",5,2,1,9
2022-01-17 11:38:31,"Cage 5",8,7,1,9
2022-01-17 11:39:35,"Cage 4",8,4,1,9
2022-01-17 11:42:04,"Cage 6",8,4,1,9
2022-01-17 11:42:27,"Cage 5",8,1,1,9
2022-01-17 11:42:54,"Cage 5",8,1,1,9
2022-01-17 11:43:39,"Cage 3",8,2,1,9
2022-01-17 11:46:44,"Cage 5",5,2,1,9
2022-01-17 11:47:26,"Cage 5",5,2,1,9
2022-01-17 11:49:39,"Cage 5",2,5,1,9
2022-01-17 11:50:02,"Cage 5",5,2,1,9
2022-01-17 11:53:15,"Cage 5",8,1,1,9
2022-01-17 11:53:39,"Cage 5",8,2,1,9
2022-01-17 11:53:48,"Cage 6",8,5,1,9
2022-01-17 11:54:05,"Cage 5",8,7,1,9
2022-01-17 14:48:08,"Cage 3",8,2,1,9
2022-01-17 14:48:18,"Cage 2",8,7,1,9
2022-01-17 14:49:15,"Cage 5",8,2,1,9
2022-01-17 14:49:35,"Cage 3",8,5,1,9
2022-01-17 14:51:27,"Cage 3",8,5,1,9
2022-01-17 14:53:03,"Cage 2",8,1,1,9
2022-01-17 14:54:05,"Cage 3",8,5,1,9
2022-01-17 14:56:52,"Cage 3",8,4,1,9
2022-01-17 14:57:30,"Cage 4",8,4,1,9
2022-01-17 15:03:31,"Cage 5",5,2,1,9
2022-01-17 15:04:30,"Cage 4",8,1,1,9
2022-01-17 15:07:04,"Cage 5",5,2,1,9
2022-01-17 15:08:21,"Cage 5",8,2,1,9
2022-01-17 15:09:22,"Cage 6",8,1,1,9
2022-01-17 15:10:13,"Cage 5",8,1,1,9
2022-01-17 15:10:51,"Cage 3",8,2,1,9
2022-01-17 15:12:33,"Cage 5",8,7,1,9
2022-01-17 15:16:04,"Cage 5",8,7,1,9
2022-01-17 15:16:49,"Cage 5",8,2,1,9
2022-01-17 15:17:24,"Cage 5",8,2,1,9
2022-01-17 15:17:35,"Cage 6",8,5,1,9
2022-01-17 15:19:57,"Cage 5",5,2,1,9
2022-01-17 15:22:02,"Cage 3",8,7,1,9
2022-01-17 15:25:43,"Cage 6",8,4,1,9
2022-01-17 15:27:12,"Cage 2",8,4,1,9
2022-01-17 15:28:19,"Cage 1",8,4,1,9
2022-01-17 15:32:39,"Cage 6",8,5,1,9
2022-01-17 15:36:11,"Cage 4",8,5,1,9
2022-01-17 15:37:44,"Cage 5",8,1,1,9
2022-01-17 15:37:57,"Cage 4",8,1,1,9
2022-01-17 15:39:15,"Cage 5",5,2,1,9
2022-01-17 15:40:33,"Cage 5",1,7,1,9
2022-01-17 15:42:47,"Cage 4",8,2,1,9
2022-01-18 11:14:53,"Cage 5",8,5,1,9
2022-01-18 11:19:09,"Cage 1",8,5,1,9
2022-01-18 11:40:41,"Cage 5",8,2,1,9
2022-01-18 11:40:58,"Cage 5",8,5,1,9
2022-01-18 11:43:40,"Cage 1",8,5,1,9
2022-01-18 11:47:14,"Cage 1",8,2,1,9
2022-01-18 11:49:17,"Cage 3",8,7,1,9
2022-01-18 11:50:27,"Cage 5",5,7,1,9
2022-01-18 12:03:04,"Cage 4",8,7,1,9
2022-01-18 12:06:34,"Cage 2",8,7,1,9
2022-01-19 15:43:57,"Cage 1",2,4,1,9
2022-01-19 15:51:37,"Cage 4",8,2,1,9
2022-01-19 15:52:26,"Cage 5",2,4,1,9
2022-01-19 15:55:57,"Cage 5",8,2,1,9
2022-01-19 15:56:47,"Cage 4",8,2,1,9
2022-01-19 15:57:05,"Cage 6",8,4,1,9
2022-01-19 16:03:12,"Cage 5",2,4,1,9
2022-01-20 14:52:35,"Cage 6",8,1,1,9
2022-01-20 14:55:12,"Cage 5",8,4,1,9
2022-01-20 14:55:25,"Cage 5",8,5,1,9
2022-01-20 14:55:39,"Cage 6",8,7,1,9
2022-01-20 14:59:44,"Cage 3",8,5,1,9
2022-01-20 15:01:38,"Cage 5",8,2,1,9
2022-01-20 15:02:01,"Cage 5",8,4,1,9
2022-01-20 15:09:28,"Cage 2",8,7,1,9
2022-01-20 15:09:47,"Cage 2",8,7,1,9
2022-01-20 15:10:19,"Cage 5",1,4,1,9
2022-01-20 15:19:28,"Cage 1",8,5,1,9
2022-01-20 15:21:36,"Cage 1",8,5,1,9
2022-01-20 15:24:32,"Cage 3",8,5,1,9
2022-01-20 15:25:57,"Cage 3",8,7,1,9
2022-01-20 15:32:35,"Cage 1",8,7,1,9
2022-01-20 15:33:57,"Cage 5",8,1,1,9
2022-01-20 15:40:19,"Cage 5",5,7,1,9
2022-01-21 15:15:07,"Cage 1",8,7,1,9
2022-01-21 15:15:52,"Cage 5",2,4,1,9
2022-01-21 15:19:53,"Cage 6",8,1,1,9
2022-01-21 15:20:12,"Cage 6",8,1,1,9
2022-01-21 15:20:58,"Cage 5",8,1,1,9
2022-01-21 15:27:24,"Cage 5",8,2,1,9
2022-01-21 15:28:13,"Cage 5",8,2,1,9
2022-01-21 15:33:25,"Cage 5",8,4,1,9
2022-01-21 15:33:34,"Cage 5",8,2,1,9
2022-01-22 13:40:48,"Cage 5",4,2,1,9
2022-01-22 13:42:34,"Cage 5",8,1,1,9
2022-01-22 13:44:34,"Cage 5",8,5,1,9
2022-01-22 13:48:55,"Cage 5",5,2,1,9
2022-01-22 13:49:26,"Cage 5",8,4,1,9
2022-01-22 13:49:43,"Cage 6",8,1,1,9
2022-01-22 13:50:04,"Cage 5",8,4,1,9
2022-01-22 13:52:29,"Cage 6",8,5,1,9
2022-01-22 13:53:37,"Cage 5",8,5,1,9
2022-01-22 14:04:16,"Cage 5",8,5,1,9
2022-01-22 14:06:16,"Cage 6",8,2,1,9
2022-01-22 14:06:34,"Cage 5",8,5,1,9
2022-01-22 14:07:13,"Cage 1",8,5,1,9
2022-01-22 14:09:06,"Cage 2",8,2,1,9
2022-01-22 14:10:56,"Cage 5",8,4,1,9
2022-01-22 14:12:53,"Cage 5",8,7,1,9
2022-01-22 14:21:08,"Cage 5",8,5,1,9
2022-01-22 14:21:23,"Cage 5",8,4,1,9
2022-01-22 14:34:13,"Cage 5",5,2,1,9
2022-01-22 14:34:23,"Cage 5",5,2,1,9
2022-01-22 14:36:25,"Cage 5",5,2,1,9
2022-01-23 13:56:22,"Cage 5",8,1,1,9
2022-01-23 14:00:49,"Cage 6",8,4,1,9
2022-01-23 14:04:37,"Cage 5",8,4,1,9
2022-01-23 14:08:03,"Cage 1",8,5,1,9
2022-01-23 14:13:12,"Cage 4",8,5,1,9
2022-01-23 14:19:58,"Cage 1",8,5,1,9
2022-01-23 14:22:14,"Cage 1",8,5,1,9
2022-01-23 14:25:14,"Cage 5",8,5,1,9
2022-01-23 14:28:09,"Cage 5",8,5,1,9
2022-01-23 14:30:29,"Cage 5",8,1,1,9
2022-01-23 14:34:53,"Cage 5",8,4,1,9
2022-01-23 14:38:39,"Cage 5",8,5,1,9
2022-01-23 14:46:47,"Cage 5",8,2,1,9
2022-01-23 14:47:42,"Cage 5",8,5,1,9
2022-01-24 15:36:42,"Cage 5",8,2,1,9
2022-01-24 15:39:06,"Cage 5",8,4,1,9
2022-01-24 15:39:22,"Cage 5",8,5,1,9
2022-01-24 15:41:57,"Cage 5",8,4,1,9
2022-01-24 15:46:13,"Cage 5",8,1,1,9
2022-01-24 15:48:36,"Cage 2",8,7,1,9
2022-01-24 16:02:48,"Cage 6",8,5,1,9
2022-01-24 16:20:56,"Cage 5",8,7,1,9
2022-01-25 15:28:16,"Cage 5",8,1,1,9
2022-01-25 15:30:43,"Cage 5",8,1,1,9
2022-01-25 15:37:00,"Cage 1",8,1,1,9
2022-01-25 15:46:14,"Cage 3",8,1,1,9
2022-01-25 15:46:36,"Cage 5",8,7,1,9
2022-01-25 15:48:08,"Cage 5",8,1,1,9
2022-01-25 15:48:21,"Cage 5",8,1,1,9
2022-01-25 15:48:34,"Cage 5",8,4,1,9
2022-01-25 15:51:06,"Cage 5",8,1,1,9
2022-01-25 15:51:26,"Cage 5",8,2,1,9
2022-01-25 15:53:46,"Cage 5",8,5,1,9
2022-01-25 15:58:17,"Cage 5",8,7,1,9
2022-01-25 16:02:39,"Cage 5",8,7,1,9
2022-01-25 16:09:15,"Cage 2",8,7,1,9
2022-01-25 16:09:46,"Cage 6",8,7,1,9
2022-01-25 16:20:50,"Cage 5",8,4,1,9
2022-01-25 16:21:44,"Cage 1",8,5,1,9
2022-01-26 15:38:47,"Cage 5",8,7,1,9
2022-01-26 15:43:48,"Cage 5",8,7,1,9
2022-01-26 15:44:10,"Cage 5",8,5,1,9
2022-01-26 15:45:19,"Cage 5",8,2,1,9
2022-01-26 15:46:05,"Cage 5",8,7,1,9
2022-01-26 15:50:09,"Cage 5",8,7,1,9
2022-01-26 15:50:40,"Cage 5",8,7,1,9
2022-01-26 15:54:01,"Cage 6",2,4,1,9
2022-01-26 15:54:14,"Cage 4",8,2,1,9
2022-01-26 15:56:56,"Cage 5",8,2,1,9
2022-01-26 16:05:34,"Cage 3",8,4,1,9
2022-01-26 16:08:01,"Cage 5",2,4,1,9
2022-01-26 16:12:00,"Cage 5",2,4,1,9
2022-01-26 16:17:38,"Cage 4",8,4,1,9
