cohort,mouse,section,area,Number,Trajectory,Images,Accepted,Pixels,Area [px²],Intensity Average,CRH Count Inside,TRH Count Inside,GHRH Count Inside,Kiss1 Count Inside,LepRb Count Inside,AgRP Count Inside,NPY Count Inside,Ghrl Count Inside,POMC Count Inside,INR Count Inside,GHSR1a Count Inside,MC4R Count Inside,CRH Count Touching,TRH Count Touching,GHRH Count Touching,Kiss1 Count Touching,LepRb Count Touching,AgRP Count Touching,NPY Count Touching,Ghrl Count Touching,POMC Count Touching,INR Count Touching,GHSR1a Count Touching,MC4R Count Touching,CRH Area Percent [%],TRH Area Percent [%],CRH Area [px²],TRH Area [px²],CRH Area Fraction,TRH Area Fraction,CRH Intensity Average,TRH Intensity Average,CRH Integrated Intensity,TRH Integrated Intensity,CRH Intensity Variance,TRH Intensity Variance,CRH Intensity Maximum,TRH Intensity Maximum,CRH Intensity Minimum,TRH Intensity Minimum,CRH Intensity Average (Processed),TRH Intensity Average (Processed),CRH Integrated Intensity (Processed),TRH Integrated Intensity (Processed),CRH Intensity Variance (Processed),TRH Intensity Variance (Processed),X FCP,Y FCP,X Centroid,Y Centroid
4,7,1,M,1,0,4_7_section1_Registered,1,12,12,238.333,0,0,0,0,0,0,0,0,0,0,0,0,0,0,0,0,1,0,0,0,0,0,0,0,0,0,0,0,0,0,0,0,0,0,0,0,0,0,0,0,0,0,0,0,0,0,484,131,483.25,129.25
4,7,1,M,2,0,4_7_section1_Registered,1,13,13,221,0,0,0,0,0,0,0,0,0,0,0,0,0,0,0,0,0,0,0,0,0,0,0,0,0,0,0,0,0,0,0,0,0,0,0,0,0,0,0,0,0,0,0,0,0,0,519,134,519.154,131
4,7,1,M,3,0,4_7_section1_Registered,1,12,12,226.583,0,0,0,0,1,0,0,0,0,0,0,0,0,0,0,0,1,0,0,0,0,0,0,0,0,0,0,0,0,0,0,0,0,0,0,0,0,0,0,0,0,0,0,0,0,0,451,132,450.583,130.833
4,7,1,M,4,0,4_7_section1_Registered,1,12,12,245.917,0,0,0,0,0,0,0,0,0,0,0,0,0,0,0,0,0,0,0,0,0,0,0,0,0,0,0,0,0,0,0,0,0,0,0,0,0,0,0,0,0,0,0,0,0,0,462,134,461.917,131.583
4,7,1,M,5,0,4_7_section1_Registered,1,34,34,247.647,0,0,0,0,0,0,0,0,0,0,0,0,0,0,0,0,0,0,0,0,0,0,0,0,0,0,0,0,0,0,0,0,0,0,0,0,0,0,0,0,0,0,0,0,0,0,404,148,405.324,144.059
4,7,1,M,6,0,4_7_section1_Registered,1,18,18,235.556,0,0,0,0,0,0,0,0,0,0,0,0,0,0,0,0,0,0,0,0,0,0,0,0,0,0,0,0,0,0,0,0,0,0,0,0,0,0,0,0,0,0,0,0,0,0,401,153,400.222,150.389
4,7,1,M,7,0,4_7_section1_Registered,1,22,22,226.955,0,0,0,0,0,0,0,0,0,0,0,0,0,0,0,0,0,0,0,0,0,0,0,0,0,0,0,0,0,0,0,0,0,0,0,0,0,0,0,0,0,0,0,0,0,0,593,153,594.864,150.364
4,7,1,M,8,0,4_7_section1_Registered,1,17,17,224.176,0,0,0,0,0,0,0,0,0,0,0,0,0,1,0,0,0,0,0,0,0,0,0,0,0,17.647,0,3,0,0.176,0,255,0,765,0,0,0,255,0,255,0,255,0,765,0,0,427,156,425.353,154
4,7,1,M,9,0,4_7_section1_Registered,1,16,16,216.25,0,0,0,0,0,0,0,0,0,0,0,0,0,0,0,0,0,0,0,0,0,0,0,0,0,0,0,0,0,0,0,0,0,0,0,0,0,0,0,0,0,0,0,0,0,0,493,161,491.5,159.688
4,7,1,M,10,0,4_7_section1_Registered,1,13,13,235.462,0,0,0,0,0,0,0,0,0,0,0,0,0,0,0,0,0,0,0,0,0,0,0,0,0,0,0,0,0,0,0,0,0,0,0,0,0,0,0,0,0,0,0,0,0,0,498,163,497.615,160.077
4,7,1,M,11,0,4_7_section1_Registered,1,11,11,215.909,0,0,0,0,0,0,0,0,0,0,0,0,0,0,0,0,0,0,0,0,0,0,0,0,0,0,0,0,0,0,0,0,0,0,0,0,0,0,0,0,0,0,0,0,0,0,625,164,624.545,161.273
4,7,1,M,12,0,4_7_section1_Registered,1,16,16,241.25,0,0,0,0,0,0,0,0,0,0,0,0,0,0,0,0,0,0,0,0,0,0,0,0,0,0,0,0,0,0,0,0,0,0,0,0,0,0,0,0,0,0,0,0,0,0,471,164,470.125,162
4,7,1,M,13,0,4_7_section1_Registered,1,31,31,232.194,0,0,0,0,0,0,0,0,0,0,0,0,1,0,0,0,1,0,0,1,0,0,0,0,9.677,0,3,0,0.097,0,44.333,0,133,0,17.333,0,49,0,41,0,44.333,0,133,0,17.333,0,490,172,491.161,167.839
4,7,1,M,14,0,4_7_section1_Registered,1,10,10,232.2,0,0,0,0,0,0,0,0,0,0,0,0,0,0,0,0,0,0,0,0,0,0,0,0,0,0,0,0,0,0,0,0,0,0,0,0,0,0,0,0,0,0,0,0,0,0,624,170,623.6,168.3
4,7,1,M,15,0,4_7_section1_Registered,1,13,13,238.462,0,0,0,0,0,0,0,0,0,0,0,0,0,1,0,0,0,0,0,0,0,0,0,0,0,30.769,0,4,0,0.308,0,255,0,1020,0,0,0,255,0,255,0,255,0,1020,0,0,374,178,373.462,174.615
4,7,1,M,16,0,4_7_section1_Registered,1,19,19,229.632,0,0,0,0,0,0,0,0,0,0,0,0,0,0,0,0,0,0,0,0,0,0,0,0,0,0,0,0,0,0,0,0,0,0,0,0,0,0,0,0,0,0,0,0,0,0,360,180,359.579,176.211
4,7,1,M,17,0,4_7_section1_Registered,1,16,16,230.063,0,0,0,0,0,0,0,0,0,0,0,0,0,1,0,0,0,0,0,0,0,0,0,0,0,93.75,0,15,0,0.938,0,246.4,0,3696,0,407.4,0,254,0,191,0,246.4,0,3696,0,407.4,455,178,454.625,175.75
4,7,1,M,18,0,4_7_section1_Registered,1,15,15,240.333,0,0,0,0,0,0,0,0,0,0,0,0,0,0,0,0,0,0,0,0,0,0,0,0,0,0,0,0,0,0,0,0,0,0,0,0,0,0,0,0,0,0,0,0,0,0,486,180,484.8,177.8
4,7,1,M,19,0,4_7_section1_Registered,1,11,11,233.364,0,0,0,0,0,0,0,0,0,0,0,0,0,0,0,0,0,0,0,0,0,0,0,0,0,0,0,0,0,0,0,0,0,0,0,0,0,0,0,0,0,0,0,0,0,0,499,185,498.455,182.727
4,7,1,M,20,0,4_7_section1_Registered,1,12,12,237,0,0,0,0,0,0,0,0,0,0,0,0,0,0,0,0,0,0,0,0,0,0,0,0,0,0,0,0,0,0,0,0,0,0,0,0,0,0,0,0,0,0,0,0,0,0,331,188,330.917,185.833
4,7,1,M,21,0,4_7_section1_Registered,1,22,22,234.455,0,0,0,0,0,0,0,0,0,0,0,0,0,0,0,0,0,0,0,0,0,0,0,0,0,0,0,0,0,0,0,0,0,0,0,0,0,0,0,0,0,0,0,0,0,0,479,188,476.045,186.045
4,7,1,M,22,0,4_7_section1_Registered,1,14,14,240.214,0,0,0,0,0,0,0,0,0,0,0,0,0,0,0,0,0,0,0,0,0,0,0,0,0,0,0,0,0,0,0,0,0,0,0,0,0,0,0,0,0,0,0,0,0,0,371,193,370.143,190.571
4,7,1,M,23,0,4_7_section1_Registered,1,16,16,227.688,0,0,0,0,0,0,0,0,0,0,0,0,0,0,0,0,0,0,0,0,0,0,0,0,0,0,0,0,0,0,0,0,0,0,0,0,0,0,0,0,0,0,0,0,0,0,380,196,381,193.875
4,7,1,M,24,0,4_7_section1_Registered,1,33,33,238.758,0,0,0,0,0,0,0,0,0,0,0,0,0,0,0,0,0,0,0,0,0,0,0,0,0,0,0,0,0,0,0,0,0,0,0,0,0,0,0,0,0,0,0,0,0,0,514,197,512.849,194.758
4,7,1,M,25,0,4_7_section1_Registered,1,36,36,251.972,0,0,0,0,0,0,0,0,0,0,0,0,0,0,0,0,0,0,0,0,0,0,0,0,0,0,0,0,0,0,0,0,0,0,0,0,0,0,0,0,0,0,0,0,0,0,428,198,428.167,196.556
4,7,1,M,26,0,4_7_section1_Registered,1,15,15,238.867,0,0,0,0,0,0,0,0,0,0,0,0,0,0,0,0,0,0,0,0,0,0,0,0,0,0,0,0,0,0,0,0,0,0,0,0,0,0,0,0,0,0,0,0,0,0,349,199,348.4,196.933
4,7,1,M,27,0,4_7_section1_Registered,1,25,25,242.92,0,0,0,0,0,0,0,0,0,0,0,0,0,0,0,0,0,0,0,0,0,0,0,0,0,0,0,0,0,0,0,0,0,0,0,0,0,0,0,0,0,0,0,0,0,0,380,206,379.24,201.8
4,7,1,M,28,0,4_7_section1_Registered,1,15,15,238.733,0,0,0,0,0,0,0,0,0,0,0,0,0,0,0,0,0,0,0,0,0,0,0,0,0,0,0,0,0,0,0,0,0,0,0,0,0,0,0,0,0,0,0,0,0,0,443,205,441.6,201.733
4,7,1,M,29,0,4_7_section1_Registered,1,13,13,225.846,0,0,0,0,0,0,0,0,0,0,0,0,0,0,0,0,0,0,0,0,0,0,0,0,0,0,0,0,0,0,0,0,0,0,0,0,0,0,0,0,0,0,0,0,0,0,509,203,507.154,201.308
4,7,1,M,30,0,4_7_section1_Registered,1,24,24,224.25,0,0,0,0,0,0,0,0,0,0,0,0,0,0,0,0,0,0,0,0,0,0,0,0,0,0,0,0,0,0,0,0,0,0,0,0,0,0,0,0,0,0,0,0,0,0,537,206,537.458,202.125
4,7,1,M,31,0,4_7_section1_Registered,1,16,16,225.313,0,0,0,0,0,0,0,0,0,0,0,0,0,1,0,0,0,0,0,0,0,0,0,0,0,6.25,0,1,0,0.063,0,253,0,253,0,0,0,253,0,253,0,253,0,253,0,0,500,206,498.438,203.188
4,7,1,M,32,0,4_7_section1_Registered,1,12,12,209.333,0,0,0,0,0,0,0,0,0,0,0,0,0,0,0,0,0,0,0,0,0,0,0,0,0,0,0,0,0,0,0,0,0,0,0,0,0,0,0,0,0,0,0,0,0,0,306,207,306.5,204.583
4,7,1,M,33,0,4_7_section1_Registered,1,18,18,218.5,0,0,0,0,0,0,0,0,0,0,0,0,0,0,0,0,0,0,0,0,0,0,0,0,0,0,0,0,0,0,0,0,0,0,0,0,0,0,0,0,0,0,0,0,0,0,354,210,352.5,207.056
4,7,1,M,34,0,4_7_section1_Registered,1,13,13,238.077,0,0,0,0,0,0,0,0,0,0,0,0,0,0,0,0,0,0,0,0,0,0,0,0,0,0,0,0,0,0,0,0,0,0,0,0,0,0,0,0,0,0,0,0,0,0,496,206,494.231,205.154
4,7,1,M,35,0,4_7_section1_Registered,1,10,10,225,0,0,0,0,0,0,0,0,0,0,0,0,0,0,0,0,0,0,0,0,0,0,0,0,0,0,0,0,0,0,0,0,0,0,0,0,0,0,0,0,0,0,0,0,0,0,480,209,478.6,207.2
4,7,1,M,36,0,4_7_section1_Registered,1,18,18,234.333,0,0,0,0,0,0,0,0,0,0,0,0,0,0,0,0,0,0,0,0,0,0,0,0,0,0,0,0,0,0,0,0,0,0,0,0,0,0,0,0,0,0,0,0,0,0,493,212,490.944,209.944
4,7,1,M,37,0,4_7_section1_Registered,1,11,11,223.727,0,0,0,0,0,0,0,0,0,0,0,0,0,1,0,0,0,0,0,0,0,0,0,0,0,100,0,11,0,1,0,252,0,2772,0,0,0,252,0,252,0,252,0,2772,0,0,505,211,504.273,209.909
4,7,1,M,38,0,4_7_section1_Registered,1,17,17,239.882,0,0,0,0,0,0,0,0,0,0,0,0,0,0,0,0,0,0,0,0,0,0,0,0,0,0,0,0,0,0,0,0,0,0,0,0,0,0,0,0,0,0,0,0,0,0,297,213,295.353,211.235
4,7,1,M,39,0,4_7_section1_Registered,1,12,12,233.667,0,0,0,0,0,0,0,0,0,0,0,0,0,0,0,0,0,0,0,0,0,0,0,0,0,0,0,0,0,0,0,0,0,0,0,0,0,0,0,0,0,0,0,0,0,0,315,215,314.25,213.083
4,7,1,M,40,0,4_7_section1_Registered,1,13,13,230.231,0,0,0,0,0,0,0,0,0,0,0,0,0,1,0,0,0,0,0,0,0,0,0,0,0,100,0,13,0,1,0,254.692,0,3311,0,0.231,0,255,0,254,0,254.692,0,3311,0,0.231,348,218,347.538,214.923
4,7,1,M,41,0,4_7_section1_Registered,1,10,10,222.3,0,0,0,0,0,0,0,0,0,0,0,0,0,0,0,0,0,0,0,0,0,0,0,0,0,0,0,0,0,0,0,0,0,0,0,0,0,0,0,0,0,0,0,0,0,0,358,216,358.6,213.7
4,7,1,M,42,0,4_7_section1_Registered,1,24,24,235.625,0,0,0,0,0,0,0,0,0,0,0,0,0,0,0,0,0,0,0,0,0,0,0,0,0,0,0,0,0,0,0,0,0,0,0,0,0,0,0,0,0,0,0,0,0,0,381,220,382.708,217.125
4,7,1,M,43,0,4_7_section1_Registered,1,10,10,220.4,0,0,0,0,0,0,0,0,0,0,0,0,0,0,0,0,0,0,0,0,0,0,0,0,0,0,0,0,0,0,0,0,0,0,0,0,0,0,0,0,0,0,0,0,0,0,316,221,316,218.1
4,7,1,M,44,0,4_7_section1_Registered,1,16,16,220.625,0,0,0,0,0,0,0,0,0,0,0,0,0,0,0,0,0,0,0,0,0,0,0,0,0,0,0,0,0,0,0,0,0,0,0,0,0,0,0,0,0,0,0,0,0,0,389,219,389.063,217.313
4,7,1,M,45,0,4_7_section1_Registered,1,32,32,238.5,0,0,0,0,0,0,0,0,0,0,0,0,0,0,0,0,0,0,0,0,0,0,0,0,0,0,0,0,0,0,0,0,0,0,0,0,0,0,0,0,0,0,0,0,0,0,490,225,488.656,220.906
4,7,1,M,46,0,4_7_section1_Registered,1,12,12,230.667,0,0,0,0,0,0,0,0,0,0,0,0,0,0,0,0,0,0,0,0,0,0,0,0,0,0,0,0,0,0,0,0,0,0,0,0,0,0,0,0,0,0,0,0,0,0,373,220,372.333,218.75
4,7,1,M,47,0,4_7_section1_Registered,1,17,17,217.118,0,0,0,0,0,0,0,0,0,0,0,0,0,0,0,0,0,0,0,0,0,0,0,0,0,0,0,0,0,0,0,0,0,0,0,0,0,0,0,0,0,0,0,0,0,0,481,223,481.765,219.529
4,7,1,M,48,0,4_7_section1_Registered,1,19,19,229.684,0,0,0,0,0,0,0,0,0,0,0,0,0,0,0,0,1,0,0,0,0,0,0,0,0,0,0,0,0,0,0,0,0,0,0,0,0,0,0,0,0,0,0,0,0,0,508,222,509.579,219.316
4,7,1,M,49,0,4_7_section1_Registered,1,25,25,222.84,0,0,0,0,0,0,0,0,0,0,0,0,0,0,0,0,0,0,0,0,0,0,0,0,0,0,0,0,0,0,0,0,0,0,0,0,0,0,0,0,0,0,0,0,0,0,348,231,346.72,225.8
4,7,1,M,50,0,4_7_section1_Registered,1,16,16,234.375,0,0,0,0,0,0,0,0,0,0,0,0,0,0,0,0,0,0,0,0,0,0,0,0,0,0,0,0,0,0,0,0,0,0,0,0,0,0,0,0,0,0,0,0,0,0,299,225,299.438,222.875
4,7,1,M,51,0,4_7_section1_Registered,1,11,11,229.636,0,0,0,0,0,0,0,0,0,0,0,0,0,0,0,0,0,0,0,0,0,0,0,0,0,0,0,0,0,0,0,0,0,0,0,0,0,0,0,0,0,0,0,0,0,0,407,225,406.455,223.273
4,7,1,M,52,0,4_7_section1_Registered,1,27,27,220.704,0,0,0,0,0,0,0,0,0,0,0,0,0,0,0,0,0,0,0,0,0,0,0,0,0,0,0,0,0,0,0,0,0,0,0,0,0,0,0,0,0,0,0,0,0,0,508,232,507.037,227.889
4,7,1,M,53,0,4_7_section1_Registered,1,21,21,226.905,0,0,0,0,0,0,0,0,0,0,0,0,0,0,0,0,0,0,0,0,0,0,0,0,0,0,0,0,0,0,0,0,0,0,0,0,0,0,0,0,0,0,0,0,0,0,356,232,356.333,228.857
4,7,1,M,54,0,4_7_section1_Registered,1,23,23,241.696,0,1,0,0,0,0,0,0,0,0,0,0,0,1,0,0,0,0,0,0,0,0,0,0,0,4.348,0,1,0,0.043,0,225,0,225,0,0,0,225,0,225,0,225,0,225,0,0,277,234,276.522,230.913
4,7,1,M,55,0,4_7_section1_Registered,1,21,21,226.905,0,0,0,0,0,0,0,0,0,0,0,0,0,0,0,0,0,0,0,0,0,0,0,0,0,0,0,0,0,0,0,0,0,0,0,0,0,0,0,0,0,0,0,0,0,0,489,234,488.667,230.714
4,7,1,M,56,0,4_7_section1_Registered,1,14,14,233.714,0,0,0,0,0,0,0,0,0,0,0,0,0,0,0,0,0,0,0,0,0,0,0,0,0,0,0,0,0,0,0,0,0,0,0,0,0,0,0,0,0,0,0,0,0,0,282,234,280.857,232.214
4,7,1,M,57,0,4_7_section1_Registered,1,25,25,241.2,0,0,0,0,0,0,0,0,0,0,0,0,0,1,0,0,0,0,0,0,0,0,0,0,0,32,0,8,0,0.32,0,237.875,0,1903,0,429.839,0,254,0,204,0,237.875,0,1903,0,429.839,321,236,320.16,233.2
4,7,1,M,58,0,4_7_section1_Registered,1,20,20,238.5,0,0,0,0,0,0,0,0,0,0,0,0,0,0,0,0,0,0,0,0,0,0,0,0,0,0,0,0,0,0,0,0,0,0,0,0,0,0,0,0,0,0,0,0,0,0,486,238,484.15,233.95
4,7,1,M,59,0,4_7_section1_Registered,1,14,14,227.286,0,0,0,0,0,0,0,0,0,0,0,0,0,0,0,0,0,0,0,0,0,0,0,0,0,0,0,0,0,0,0,0,0,0,0,0,0,0,0,0,0,0,0,0,0,0,404,235,403,233.286
4,7,1,M,60,0,4_7_section1_Registered,1,10,10,223.6,0,0,0,0,0,0,0,0,0,0,0,0,0,1,0,0,0,0,0,0,0,0,0,0,0,60,0,6,0,0.6,0,249.167,0,1495,0,140.167,0,254,0,225,0,249.167,0,1495,0,140.167,351,238,350.1,235.8
4,7,1,M,61,0,4_7_section1_Registered,1,16,16,228.75,0,0,0,0,0,0,0,0,0,0,0,0,0,0,0,0,0,0,0,0,0,0,0,0,0,0,0,0,0,0,0,0,0,0,0,0,0,0,0,0,0,0,0,0,0,0,474,238,472.688,235.688
4,7,1,M,62,0,4_7_section1_Registered,1,33,33,238.97,0,0,0,0,0,0,0,0,0,0,0,0,0,0,0,0,0,0,0,0,0,0,0,0,0,0,0,0,0,0,0,0,0,0,0,0,0,0,0,0,0,0,0,0,0,0,418,247,417.182,240.485
4,7,1,M,63,0,4_7_section1_Registered,1,15,15,232.533,0,0,0,0,0,0,0,0,0,0,0,0,0,0,0,0,0,0,0,0,0,0,0,0,0,0,0,0,0,0,0,0,0,0,0,0,0,0,0,0,0,0,0,0,0,0,504,245,504.067,241.867
4,7,1,M,64,0,4_7_section1_Registered,1,24,24,232.708,0,0,0,0,0,0,0,0,0,0,0,0,0,1,0,0,0,0,0,0,0,0,0,0,0,75,0,18,0,0.75,0,254,0,4572,0,0,0,254,0,254,0,254,0,4572,0,0,322,246,320.708,241.542
4,7,1,M,65,0,4_7_section1_Registered,1,33,33,216.061,0,0,0,0,0,0,0,0,0,0,0,0,0,0,0,0,0,0,0,0,0,0,0,0,0,0,0,0,0,0,0,0,0,0,0,0,0,0,0,0,0,0,0,0,0,0,351,256,350.242,249.909
4,7,1,M,66,0,4_7_section1_Registered,1,44,44,243.864,0,0,0,0,0,0,0,0,0,0,0,0,0,0,0,0,0,0,0,0,0,0,0,0,0,0,0,0,0,0,0,0,0,0,0,0,0,0,0,0,0,0,0,0,0,0,415,256,414.523,249.591
4,7,1,M,67,0,4_7_section1_Registered,1,16,16,197.063,0,0,0,0,0,0,0,0,0,0,0,0,0,0,0,0,0,0,0,0,0,0,0,0,0,0,0,0,0,0,0,0,0,0,0,0,0,0,0,0,0,0,0,0,0,0,272,252,273.188,249
4,7,1,M,68,0,4_7_section1_Registered,1,25,25,229.68,0,0,0,0,0,0,0,0,0,0,0,0,0,0,0,0,0,0,0,0,0,0,0,0,0,0,0,0,0,0,0,0,0,0,0,0,0,0,0,0,0,0,0,0,0,0,253,253,253.16,249.96
4,7,1,M,69,0,4_7_section1_Registered,1,42,42,222.167,0,1,0,0,0,0,0,0,0,0,0,0,0,2,0,0,0,0,0,0,0,0,0,0,0,23.81,0,10,0,0.238,0,242.8,0,2428,0,390.4,0,253,0,204,0,242.8,0,2428,0,390.4,383,260,385.286,253.833
4,7,1,M,70,0,4_7_section1_Registered,1,18,18,234.333,0,0,0,0,0,0,0,0,0,0,0,0,0,0,0,0,0,0,0,0,0,0,0,0,0,0,0,0,0,0,0,0,0,0,0,0,0,0,0,0,0,0,0,0,0,0,305,257,303.389,255.222
4,7,1,M,71,0,4_7_section1_Registered,1,12,12,208.417,0,0,0,0,0,0,0,0,0,0,0,0,0,0,0,0,0,0,0,0,0,0,0,0,0,0,0,0,0,0,0,0,0,0,0,0,0,0,0,0,0,0,0,0,0,0,368,260,368.5,257
4,7,1,M,72,0,4_7_section1_Registered,1,10,10,194.7,0,0,0,0,0,0,0,0,0,0,0,0,0,0,0,0,0,0,0,0,0,0,0,0,0,0,0,0,0,0,0,0,0,0,0,0,0,0,0,0,0,0,0,0,0,0,309,260,310.2,257.5
4,7,1,M,73,0,4_7_section1_Registered,1,23,23,211.391,0,0,0,0,1,0,0,0,0,0,0,0,0,1,0,0,1,0,0,0,0,0,0,0,0,43.478,0,10,0,0.435,0,251.1,0,2511,0,0.322,0,252,0,250,0,251.1,0,2511,0,0.322,393,262,391.261,259.522
4,7,1,M,74,0,4_7_section1_Registered,1,15,15,196.467,0,0,0,0,0,0,0,0,0,0,0,0,0,0,0,0,0,0,0,0,0,0,0,0,0,0,0,0,0,0,0,0,0,0,0,0,0,0,0,0,0,0,0,0,0,0,365,269,365.2,264.8
4,7,1,M,75,0,4_7_section1_Registered,1,39,39,228.769,0,0,0,0,0,0,0,0,0,0,0,0,0,0,0,0,0,0,0,0,0,0,0,0,0,0,0,0,0,0,0,0,0,0,0,0,0,0,0,0,0,0,0,0,0,0,390,270,388.846,266
4,7,1,M,76,0,4_7_section1_Registered,1,21,21,191.333,0,0,0,0,0,0,0,0,0,0,0,0,0,0,0,0,0,0,0,0,0,0,0,0,0,0,0,0,0,0,0,0,0,0,0,0,0,0,0,0,0,0,0,0,0,0,817,277,815.095,271.571
4,7,1,M,77,0,4_7_section1_Registered,1,10,10,212.4,0,0,0,0,0,0,0,0,0,0,0,0,0,0,0,0,0,0,0,0,0,0,0,0,0,0,0,0,0,0,0,0,0,0,0,0,0,0,0,0,0,0,0,0,0,0,821,272,821,269.3
4,7,1,M,78,0,4_7_section1_Registered,1,24,24,218.042,0,0,0,0,0,0,0,0,0,0,0,0,0,0,0,0,0,0,0,0,0,0,0,0,0,0,0,0,0,0,0,0,0,0,0,0,0,0,0,0,0,0,0,0,0,0,371,274,368.625,272.125
4,7,1,M,79,0,4_7_section1_Registered,1,26,26,235.308,0,0,0,0,0,0,0,0,0,0,0,0,0,0,0,0,1,0,0,0,0,0,0,0,0,0,0,0,0,0,0,0,0,0,0,0,0,0,0,0,0,0,0,0,0,0,827,279,826.038,275.731
4,7,1,M,80,0,4_7_section1_Registered,1,18,18,214.222,0,0,0,0,0,0,0,0,0,0,0,0,0,0,0,0,0,0,0,0,0,0,0,0,0,0,0,0,0,0,0,0,0,0,0,0,0,0,0,0,0,0,0,0,0,0,443,281,442.556,277.722
4,7,1,M,81,0,4_7_section1_Registered,1,25,25,236.44,0,0,0,0,2,0,0,0,0,0,0,0,0,0,0,0,3,0,0,0,0,0,0,0,0,0,0,0,0,0,0,0,0,0,0,0,0,0,0,0,0,0,0,0,0,0,854,283,852.56,280.04
4,7,1,M,82,0,4_7_section1_Registered,1,17,17,232.941,0,0,0,0,1,0,0,0,0,0,0,0,0,0,0,0,1,0,0,0,0,0,0,0,0,0,0,0,0,0,0,0,0,0,0,0,0,0,0,0,0,0,0,0,0,0,852,287,850.882,285
4,7,1,M,83,0,4_7_section1_Registered,1,10,10,220.2,0,0,0,0,0,0,0,1,0,0,0,0,1,0,0,0,1,0,0,1,0,0,0,0,60,0,6,0,0.6,0,57.167,0,343,0,12.167,0,61,0,52,0,57.167,0,343,0,12.167,0,655,297,653.7,295.8
4,7,1,M,84,0,4_7_section1_Registered,1,22,22,221.545,1,0,0,0,0,0,0,0,0,0,0,0,1,0,0,0,1,0,0,0,0,0,0,0,4.545,0,1,0,0.045,0,72,0,72,0,0,0,72,0,72,0,72,0,72,0,0,0,665,301,662.818,298.409
4,7,1,M,85,0,4_7_section1_Registered,1,17,17,238,0,0,0,0,0,0,0,0,0,0,0,0,0,0,0,0,0,0,0,0,0,0,0,0,0,0,0,0,0,0,0,0,0,0,0,0,0,0,0,0,0,0,0,0,0,0,823,302,822.059,299.353
4,7,1,M,86,0,4_7_section1_Registered,1,18,18,211.556,0,0,0,0,0,0,0,0,0,0,0,0,0,0,0,0,1,0,0,0,0,0,0,0,0,0,0,0,0,0,0,0,0,0,0,0,0,0,0,0,0,0,0,0,0,0,763,305,762.111,301.611
4,7,1,M,87,0,4_7_section1_Registered,1,33,33,234.364,0,0,0,0,0,0,0,0,0,0,0,0,0,0,0,0,1,0,0,0,0,0,0,0,0,0,0,0,0,0,0,0,0,0,0,0,0,0,0,0,0,0,0,0,0,0,812,307,811.606,303
4,7,1,M,88,0,4_7_section1_Registered,1,18,18,214.833,0,0,0,0,0,0,0,0,0,0,0,0,0,0,0,0,1,0,0,0,0,0,0,0,0,0,0,0,0,0,0,0,0,0,0,0,0,0,0,0,0,0,0,0,0,0,806,307,805.611,304.389
4,7,1,M,89,0,4_7_section1_Registered,1,17,17,226.941,0,0,0,0,0,0,0,0,0,0,0,0,0,0,0,0,0,0,0,0,0,0,0,0,0,0,0,0,0,0,0,0,0,0,0,0,0,0,0,0,0,0,0,0,0,0,584,308,582.882,304.353
4,7,1,M,90,0,4_7_section1_Registered,1,23,23,224.87,0,0,0,0,0,0,0,0,0,0,0,0,0,0,0,0,0,0,0,0,0,0,0,0,0,0,0,0,0,0,0,0,0,0,0,0,0,0,0,0,0,0,0,0,0,0,686,313,685.565,307.652
4,7,1,M,91,0,4_7_section1_Registered,1,27,27,234.111,0,0,0,0,0,0,0,0,0,0,0,0,0,0,0,0,0,0,0,0,0,0,0,0,0,0,0,0,0,0,0,0,0,0,0,0,0,0,0,0,0,0,0,0,0,0,841,309,840.444,305.407
4,7,1,M,92,0,4_7_section1_Registered,1,20,20,203.45,0,0,0,0,0,0,0,0,0,0,0,0,1,0,0,0,0,0,0,0,0,0,0,0,20,0,4,0,0.2,0,73,0,292,0,68.667,0,85,0,67,0,73,0,292,0,68.667,0,609,310,609.35,306.65
4,7,1,M,93,0,4_7_section1_Registered,1,12,12,213,0,0,0,0,0,0,0,0,0,0,0,0,0,0,0,0,0,0,0,0,0,0,0,0,0,0,0,0,0,0,0,0,0,0,0,0,0,0,0,0,0,0,0,0,0,0,802,309,801.417,306.417
4,7,1,M,94,0,4_7_section1_Registered,1,15,15,245.067,0,0,0,0,0,0,0,0,0,0,0,0,0,0,0,0,0,0,0,0,0,0,0,0,0,0,0,0,0,0,0,0,0,0,0,0,0,0,0,0,0,0,0,0,0,0,868,309,867.733,306.533
4,7,1,M,95,0,4_7_section1_Registered,1,29,29,236.586,0,0,0,0,1,0,0,0,0,0,0,0,1,0,0,0,2,0,0,0,0,0,0,0,10.345,0,3,0,0.103,0,44.333,0,133,0,6.333,0,47,0,42,0,44.333,0,133,0,6.333,0,897,310,896.31,306.966
4,7,1,M,96,0,4_7_section1_Registered,1,10,10,206.9,0,0,0,0,0,0,0,0,0,0,0,0,0,0,0,0,0,0,0,0,0,0,0,0,0,0,0,0,0,0,0,0,0,0,0,0,0,0,0,0,0,0,0,0,0,0,635,307,634.2,305.7
4,7,1,M,97,0,4_7_section1_Registered,1,14,14,195.214,0,0,0,0,0,0,0,0,0,0,0,0,0,0,0,0,1,0,0,0,0,0,0,0,0,0,0,0,0,0,0,0,0,0,0,0,0,0,0,0,0,0,0,0,0,0,697,309,697,306.5
4,7,1,M,98,0,4_7_section1_Registered,1,27,27,206.741,0,0,0,0,0,0,0,0,0,0,0,0,0,0,0,0,0,0,0,0,0,0,0,0,0,0,0,0,0,0,0,0,0,0,0,0,0,0,0,0,0,0,0,0,0,0,579,312,578.37,308.593
4,7,1,M,99,0,4_7_section1_Registered,1,22,22,221.182,0,0,0,0,1,0,0,0,0,0,0,0,1,0,0,0,2,0,0,0,0,0,0,0,9.091,0,2,0,0.091,0,48,0,96,0,18,0,51,0,45,0,48,0,96,0,18,0,907,311,904.682,308.455
4,7,1,M,100,0,4_7_section1_Registered,1,14,14,215.714,0,0,0,0,0,0,0,0,0,0,0,0,0,0,0,0,0,0,0,0,0,0,0,0,0,0,0,0,0,0,0,0,0,0,0,0,0,0,0,0,0,0,0,0,0,0,422,311,420.929,308.786
4,7,1,M,101,0,4_7_section1_Registered,1,11,11,202.364,0,0,0,0,0,0,0,0,0,0,0,0,0,0,0,0,0,0,0,0,0,0,0,0,0,0,0,0,0,0,0,0,0,0,0,0,0,0,0,0,0,0,0,0,0,0,560,313,559.636,309.455
4,7,1,M,102,0,4_7_section1_Registered,1,33,33,229.394,1,0,0,0,0,0,0,0,0,0,0,0,3,1,0,0,2,0,0,1,0,0,0,0,54.545,15.152,18,5,0.545,0.152,82.111,254.8,1478,1274,99.163,0.2,97,255,66,254,82.111,254.8,1478,1274,99.163,0.2,661,319,661.182,313.152
4,7,1,M,103,0,4_7_section1_Registered,1,20,20,205.6,0,0,0,0,1,0,0,0,0,0,0,0,0,0,0,0,1,0,0,0,0,0,0,0,0,0,0,0,0,0,0,0,0,0,0,0,0,0,0,0,0,0,0,0,0,0,409,314,408.8,311.6
4,7,1,M,104,0,4_7_section1_Registered,1,38,38,223.526,0,0,0,0,1,0,0,0,0,0,0,0,0,0,0,0,1,0,0,0,0,0,0,0,0,0,0,0,0,0,0,0,0,0,0,0,0,0,0,0,0,0,0,0,0,0,532,318,531.447,314.921
4,7,1,M,105,0,4_7_section1_Registered,1,11,11,222.818,0,0,0,0,0,0,0,0,0,0,0,0,0,0,0,0,0,0,0,0,0,0,0,0,0,0,0,0,0,0,0,0,0,0,0,0,0,0,0,0,0,0,0,0,0,0,844,314,842.727,312.455
4,7,1,M,106,0,4_7_section1_Registered,1,24,24,235.375,0,0,0,0,0,0,0,0,0,0,0,0,0,0,0,0,0,0,0,0,0,0,0,0,0,0,0,0,0,0,0,0,0,0,0,0,0,0,0,0,0,0,0,0,0,0,870,317,869.333,313.417
4,7,1,M,107,0,4_7_section1_Registered,1,20,20,211.2,0,0,0,0,0,0,0,0,0,0,0,0,0,0,0,0,0,0,0,0,0,0,0,0,0,0,0,0,0,0,0,0,0,0,0,0,0,0,0,0,0,0,0,0,0,0,549,319,548.45,315.35
4,7,1,M,108,0,4_7_section1_Registered,1,17,17,197.176,0,0,0,0,0,0,0,0,0,0,0,0,0,0,0,0,0,0,0,0,0,0,0,0,0,0,0,0,0,0,0,0,0,0,0,0,0,0,0,0,0,0,0,0,0,0,709,315,709,312.529
4,7,1,M,109,0,4_7_section1_Registered,1,38,38,235.289,0,0,1,0,0,0,0,0,0,0,0,0,0,0,1,0,0,0,0,0,0,0,0,0,0,0,0,0,0,0,0,0,0,0,0,0,0,0,0,0,0,0,0,0,0,0,722,318,720.816,314.079
4,7,1,M,110,0,4_7_section1_Registered,1,12,12,210.167,0,0,0,0,0,0,0,0,0,0,0,0,0,0,0,0,0,0,0,0,0,0,0,0,0,0,0,0,0,0,0,0,0,0,0,0,0,0,0,0,0,0,0,0,0,0,427,318,427,315
4,7,1,M,111,0,4_7_section1_Registered,1,12,12,213.25,0,0,0,0,0,0,0,0,0,0,0,0,0,0,0,0,1,0,0,0,0,0,0,0,0,0,0,0,0,0,0,0,0,0,0,0,0,0,0,0,0,0,0,0,0,0,795,317,795,315.083
4,7,1,M,112,0,4_7_section1_Registered,1,10,10,210,0,0,0,0,0,0,0,0,0,0,0,0,0,0,0,0,0,0,0,0,0,0,0,0,0,0,0,0,0,0,0,0,0,0,0,0,0,0,0,0,0,0,0,0,0,0,364,319,364.2,316.5
4,7,1,M,113,0,4_7_section1_Registered,1,13,13,232.308,0,0,0,0,0,0,0,0,0,0,0,0,0,0,0,0,0,0,0,0,0,0,0,0,0,0,0,0,0,0,0,0,0,0,0,0,0,0,0,0,0,0,0,0,0,0,752,320,751.769,316.923
4,7,1,M,114,0,4_7_section1_Registered,1,17,17,207.235,0,0,0,0,0,0,0,0,0,0,0,0,0,0,0,0,0,0,0,0,0,0,0,0,0,0,0,0,0,0,0,0,0,0,0,0,0,0,0,0,0,0,0,0,0,0,760,322,758.765,318.412
4,7,1,M,115,0,4_7_section1_Registered,1,11,11,220.091,0,0,0,0,0,0,0,0,0,0,0,0,0,0,0,0,0,0,0,0,0,0,0,0,0,0,0,0,0,0,0,0,0,0,0,0,0,0,0,0,0,0,0,0,0,0,838,320,837.909,317.636
4,7,1,M,116,0,4_7_section1_Registered,1,34,34,203.618,0,0,0,0,0,0,0,0,0,0,0,0,0,0,0,0,1,0,0,0,0,0,0,0,0,0,0,0,0,0,0,0,0,0,0,0,0,0,0,0,0,0,0,0,0,0,558,325,557.706,320.265
4,7,1,M,117,0,4_7_section1_Registered,1,28,28,227.536,0,0,0,0,0,0,0,0,0,0,0,0,0,0,0,0,1,0,0,0,0,0,0,0,0,0,0,0,0,0,0,0,0,0,0,0,0,0,0,0,0,0,0,0,0,0,807,327,807.714,322.357
4,7,1,M,118,0,4_7_section1_Registered,1,30,30,214.2,0,0,0,0,0,0,0,0,0,0,0,0,0,0,0,0,0,0,0,0,0,0,0,0,0,0,0,0,0,0,0,0,0,0,0,0,0,0,0,0,0,0,0,0,0,0,393,327,392.167,323.733
4,7,1,M,119,0,4_7_section1_Registered,1,22,22,214.045,0,0,0,0,0,0,0,0,0,0,0,0,0,0,0,0,0,0,0,0,0,0,0,0,0,0,0,0,0,0,0,0,0,0,0,0,0,0,0,0,0,0,0,0,0,0,521,325,519.545,322.591
4,7,1,M,120,0,4_7_section1_Registered,1,12,12,217.083,0,0,0,0,0,0,0,0,0,0,0,0,0,0,0,0,0,0,0,0,0,0,0,0,0,0,0,0,0,0,0,0,0,0,0,0,0,0,0,0,0,0,0,0,0,0,775,323,775.333,321.167
4,7,1,M,121,0,4_7_section1_Registered,1,39,39,222.077,0,0,0,0,0,0,0,0,0,0,0,0,0,0,0,1,0,0,0,0,0,0,0,0,0,0,0,0,0,0,0,0,0,0,0,0,0,0,0,0,0,0,0,0,0,0,555,328,553.205,324.359
4,7,1,M,122,0,4_7_section1_Registered,1,13,13,216.692,0,0,0,0,0,0,0,0,0,0,0,0,0,0,0,0,0,0,0,0,0,0,0,0,0,0,0,0,0,0,0,0,0,0,0,0,0,0,0,0,0,0,0,0,0,0,792,324,791.154,321.769
4,7,1,M,123,0,4_7_section1_Registered,1,19,19,232.842,0,0,0,0,0,0,0,0,0,0,0,0,0,0,0,0,0,0,0,0,0,0,0,0,0,0,0,0,0,0,0,0,0,0,0,0,0,0,0,0,0,0,0,0,0,0,897,327,897.526,323.632
4,7,1,M,124,0,4_7_section1_Registered,1,21,21,227.429,0,0,0,0,0,0,0,0,0,0,0,0,0,0,0,0,0,0,0,0,0,0,0,0,0,0,0,0,0,0,0,0,0,0,0,0,0,0,0,0,0,0,0,0,0,0,249,328,248.476,325.857
4,7,1,M,125,0,4_7_section1_Registered,1,38,38,225.263,0,0,0,0,0,0,0,0,0,0,0,0,0,0,0,0,0,0,0,0,0,0,0,0,0,0,0,0,0,0,0,0,0,0,0,0,0,0,0,0,0,0,0,0,0,0,589,330,590.053,326.211
4,7,1,M,126,0,4_7_section1_Registered,1,14,14,223,0,0,0,0,0,0,0,0,0,0,0,0,0,0,0,0,0,0,0,0,0,0,0,0,0,0,0,0,0,0,0,0,0,0,0,0,0,0,0,0,0,0,0,0,0,0,346,326,344.286,324.643
4,7,1,M,127,0,4_7_section1_Registered,1,23,23,222.522,0,0,0,0,0,0,0,0,0,0,0,0,0,0,0,0,0,0,0,0,0,0,0,0,0,0,0,0,0,0,0,0,0,0,0,0,0,0,0,0,0,0,0,0,0,0,689,332,688.87,327.478
4,7,1,M,128,0,4_7_section1_Registered,1,32,32,227.063,0,0,0,0,0,0,0,0,0,0,0,0,1,0,0,0,1,0,0,0,0,0,0,0,9.375,0,3,0,0.094,0,53.667,0,161,0,2.333,0,55,0,52,0,53.667,0,161,0,2.333,0,811,334,811.781,327.156
4,7,1,M,129,0,4_7_section1_Registered,1,14,14,232.286,0,0,0,0,0,0,0,0,0,0,0,0,0,0,0,0,0,0,0,0,0,0,0,0,0,0,0,0,0,0,0,0,0,0,0,0,0,0,0,0,0,0,0,0,0,0,823,328,822.143,326.429
4,7,1,M,130,0,4_7_section1_Registered,1,24,24,229.708,0,0,0,0,1,0,0,0,0,0,0,0,1,0,0,0,1,0,0,0,0,0,0,0,4.167,0,1,0,0.042,0,46,0,46,0,0,0,46,0,46,0,46,0,46,0,0,0,893,333,893.042,329.458
4,7,1,M,131,0,4_7_section1_Registered,1,24,24,221.5,0,0,0,0,0,0,0,0,0,0,0,0,1,0,0,0,1,0,0,0,0,0,0,0,4.167,0,1,0,0.042,0,49,0,49,0,0,0,49,0,49,0,49,0,49,0,0,0,840,331,838.417,329.167
4,7,1,M,132,0,4_7_section1_Registered,1,29,29,226.862,0,0,0,0,0,0,0,0,0,0,0,0,0,0,0,0,0,0,0,0,0,0,0,0,0,0,0,0,0,0,0,0,0,0,0,0,0,0,0,0,0,0,0,0,0,0,291,338,289.759,332.552
4,7,1,M,133,0,4_7_section1_Registered,1,36,36,233.667,0,0,0,0,0,0,0,0,0,0,0,0,0,0,0,0,0,0,0,0,0,0,0,0,0,0,0,0,0,0,0,0,0,0,0,0,0,0,0,0,0,0,0,0,0,0,310,336,308.611,332.056
4,7,1,M,134,0,4_7_section1_Registered,1,33,33,221.455,0,0,0,0,0,0,0,0,0,0,0,0,0,0,0,0,0,0,0,0,0,0,0,0,0,0,0,0,0,0,0,0,0,0,0,0,0,0,0,0,0,0,0,0,0,0,441,337,441,332.273
4,7,1,M,135,0,4_7_section1_Registered,1,10,10,219.4,0,0,0,0,0,0,0,0,0,0,0,0,1,0,0,0,1,0,0,0,0,0,0,0,40,0,4,0,0.4,0,78.5,0,314,0,17,0,82,0,74,0,78.5,0,314,0,17,0,666,331,664.8,329.7
4,7,1,M,136,0,4_7_section1_Registered,1,27,27,212.259,0,0,0,0,0,0,0,0,0,0,0,0,1,0,0,0,2,0,0,0,0,0,0,0,7.407,0,2,0,0.074,0,75,0,150,0,0,0,75,0,75,0,75,0,150,0,0,0,672,336,670.259,331.593
4,7,1,M,137,0,4_7_section1_Registered,1,25,25,231.16,0,0,0,0,0,0,0,0,0,0,0,0,0,0,0,0,0,0,0,0,0,0,0,0,0,0,0,0,0,0,0,0,0,0,0,0,0,0,0,0,0,0,0,0,0,0,736,334,735.36,331.36
4,7,1,M,138,0,4_7_section1_Registered,1,32,32,223.781,1,0,0,0,0,0,0,1,0,0,0,0,1,0,0,0,2,0,0,1,0,0,0,0,6.25,0,2,0,0.063,0,45.5,0,91,0,4.5,0,47,0,44,0,45.5,0,91,0,4.5,0,820,336,819.656,332.219
4,7,1,M,139,0,4_7_section1_Registered,1,12,12,207,0,0,0,0,0,0,0,0,0,0,0,0,0,0,0,0,0,0,0,0,0,0,0,0,0,0,0,0,0,0,0,0,0,0,0,0,0,0,0,0,0,0,0,0,0,0,412,334,410.333,331.25
4,7,1,M,140,0,4_7_section1_Registered,1,20,20,204.15,0,0,0,0,0,0,0,0,0,0,0,0,0,0,0,0,0,0,0,0,0,0,0,0,0,0,0,0,0,0,0,0,0,0,0,0,0,0,0,0,0,0,0,0,0,0,757,333,754.4,331.35
4,7,1,M,141,0,4_7_section1_Registered,1,25,25,234.44,0,0,0,0,0,0,0,0,0,0,0,0,0,0,0,0,0,0,0,0,0,0,0,0,0,0,0,0,0,0,0,0,0,0,0,0,0,0,0,0,0,0,0,0,0,0,249,335,247.76,332.48
4,7,1,M,142,0,4_7_section1_Registered,1,11,11,227.091,0,0,0,0,0,0,0,0,0,0,0,0,0,0,0,0,0,0,0,0,0,0,0,0,0,0,0,0,0,0,0,0,0,0,0,0,0,0,0,0,0,0,0,0,0,0,851,334,850.727,332.273
4,7,1,M,143,0,4_7_section1_Registered,1,39,39,217.026,0,0,0,0,0,0,0,0,0,0,0,0,0,0,0,0,0,0,0,0,0,0,0,0,0,0,0,0,0,0,0,0,0,0,0,0,0,0,0,0,0,0,0,0,0,0,444,343,447.538,337.872
4,7,1,M,144,0,4_7_section1_Registered,1,18,18,231,0,0,0,0,0,0,0,0,0,0,0,0,0,0,0,0,0,0,0,0,0,0,0,0,0,0,0,0,0,0,0,0,0,0,0,0,0,0,0,0,0,0,0,0,0,0,742,338,741.389,335.278
4,7,1,M,145,0,4_7_section1_Registered,1,32,32,218.25,0,0,0,0,0,0,0,0,0,0,0,0,0,0,0,0,0,0,0,0,0,0,0,0,0,0,0,0,0,0,0,0,0,0,0,0,0,0,0,0,0,0,0,0,0,0,368,347,367.344,340.219
4,7,1,M,146,0,4_7_section1_Registered,1,14,14,214.643,0,0,0,0,0,0,0,0,0,0,0,0,0,0,0,0,1,0,0,0,0,0,0,0,0,0,0,0,0,0,0,0,0,0,0,0,0,0,0,0,0,0,0,0,0,0,556,339,556.714,336.357
4,7,1,M,147,0,4_7_section1_Registered,1,23,23,219.217,0,0,0,0,0,0,0,0,0,0,0,0,0,0,0,0,0,0,0,0,0,0,0,0,0,0,0,0,0,0,0,0,0,0,0,0,0,0,0,0,0,0,0,0,0,0,627,338,627.739,334.913
4,7,1,M,148,0,4_7_section1_Registered,1,40,40,225.325,1,0,0,0,0,0,0,0,0,0,0,0,1,0,0,0,1,0,0,0,0,0,0,0,2.5,0,1,0,0.025,0,51,0,51,0,0,0,51,0,51,0,51,0,51,0,0,0,398,345,397.45,339.325
4,7,1,M,149,0,4_7_section1_Registered,1,19,19,229.684,0,0,0,0,0,0,0,0,0,0,0,0,0,0,0,0,0,0,0,0,0,0,0,0,0,0,0,0,0,0,0,0,0,0,0,0,0,0,0,0,0,0,0,0,0,0,689,340,688.632,337.421
4,7,1,M,150,0,4_7_section1_Registered,1,18,18,238.056,0,0,0,0,0,0,0,0,0,0,0,0,0,0,0,0,0,0,0,0,0,0,0,0,0,0,0,0,0,0,0,0,0,0,0,0,0,0,0,0,0,0,0,0,0,0,848,338,846.611,336.389
4,7,1,M,151,0,4_7_section1_Registered,1,16,16,207.125,0,0,0,0,0,0,0,0,0,0,0,0,0,0,0,0,0,0,0,0,0,0,0,0,0,0,0,0,0,0,0,0,0,0,0,0,0,0,0,0,0,0,0,0,0,0,701,339,699.063,337.25
4,7,1,M,152,0,4_7_section1_Registered,1,10,10,217.6,0,0,0,0,0,0,0,0,0,0,0,0,0,0,0,0,0,0,0,0,0,0,0,0,0,0,0,0,0,0,0,0,0,0,0,0,0,0,0,0,0,0,0,0,0,0,830,337,829.4,335.8
4,7,1,M,153,0,4_7_section1_Registered,1,16,16,212.875,1,0,0,0,1,0,0,0,0,0,0,0,1,0,0,0,1,0,0,0,0,0,0,0,6.25,0,1,0,0.063,0,41,0,41,0,0,0,41,0,41,0,41,0,41,0,0,0,877,340,876.375,337.5
4,7,1,M,154,0,4_7_section1_Registered,1,28,28,226.964,0,0,0,0,0,0,0,0,0,0,0,0,0,0,0,0,0,0,0,0,0,0,0,0,0,0,0,0,0,0,0,0,0,0,0,0,0,0,0,0,0,0,0,0,0,0,520,343,520.179,339.393
4,7,1,M,155,0,4_7_section1_Registered,1,14,14,239.143,0,0,0,0,0,0,0,0,0,0,0,0,0,1,0,0,1,0,0,0,0,0,0,0,0,78.571,0,11,0,0.786,0,255,0,2805,0,0,0,255,0,255,0,255,0,2805,0,0,736,340,734.857,337.429
4,7,1,M,156,0,4_7_section1_Registered,1,25,25,227.16,0,0,0,0,0,0,0,0,0,0,0,0,1,0,0,0,0,0,0,0,0,0,0,0,12,0,3,0,0.12,0,116.333,0,349,0,2.333,0,118,0,115,0,116.333,0,349,0,2.333,0,562,341,560.44,339.2
4,7,1,M,157,0,4_7_section1_Registered,1,19,19,216.053,0,0,0,0,0,0,0,1,0,0,0,0,0,0,0,0,0,0,0,1,0,0,0,0,0,0,0,0,0,0,0,0,0,0,0,0,0,0,0,0,0,0,0,0,0,0,571,340,569.105,338.421
4,7,1,M,158,0,4_7_section1_Registered,1,25,25,218.32,0,0,0,0,0,0,0,0,0,0,0,0,0,0,1,0,0,0,0,0,0,0,0,0,0,0,0,0,0,0,0,0,0,0,0,0,0,0,0,0,0,0,0,0,0,0,723,341,721.44,339.04
4,7,1,M,159,0,4_7_section1_Registered,1,12,12,210.75,0,0,0,0,0,0,0,0,0,0,0,0,0,0,0,0,1,0,0,0,0,0,0,0,0,0,0,0,0,0,0,0,0,0,0,0,0,0,0,0,0,0,0,0,0,0,766,344,765.75,340.333
4,7,1,M,160,0,4_7_section1_Registered,1,33,33,233.636,0,0,0,0,0,0,0,0,0,0,0,0,0,0,0,0,0,0,0,0,0,0,0,0,0,0,0,0,0,0,0,0,0,0,0,0,0,0,0,0,0,0,0,0,0,0,803,345,802.939,340.818
4,7,1,M,161,0,4_7_section1_Registered,1,16,16,231.125,0,0,0,0,0,0,0,0,0,0,0,0,0,0,0,0,0,0,0,0,0,0,0,0,0,0,0,0,0,0,0,0,0,0,0,0,0,0,0,0,0,0,0,0,0,0,270,342,269.5,340
4,7,1,M,162,0,4_7_section1_Registered,1,11,11,218.545,0,0,0,0,0,0,0,0,0,0,0,0,0,0,0,0,0,0,0,0,0,0,0,0,0,0,0,0,0,0,0,0,0,0,0,0,0,0,0,0,0,0,0,0,0,0,405,343,404.545,340.727
4,7,1,M,163,0,4_7_section1_Registered,1,17,17,222.412,0,0,0,0,0,0,0,0,0,0,0,0,0,0,0,0,0,0,0,0,0,0,0,0,0,0,0,0,0,0,0,0,0,0,0,0,0,0,0,0,0,0,0,0,0,0,623,345,621.765,342.412
4,7,1,M,164,0,4_7_section1_Registered,1,23,23,224.826,0,0,0,0,0,0,0,0,0,0,0,0,0,1,0,0,0,0,0,0,0,0,0,0,0,4.348,0,1,0,0.043,0,255,0,255,0,0,0,255,0,255,0,255,0,255,0,0,727,346,727.217,341.391
4,7,1,M,165,0,4_7_section1_Registered,1,16,16,230.875,0,0,0,0,0,0,0,0,0,0,0,0,0,0,0,0,0,0,0,0,0,0,0,0,0,0,0,0,0,0,0,0,0,0,0,0,0,0,0,0,0,0,0,0,0,0,442,343,440.688,340.563
4,7,1,M,166,0,4_7_section1_Registered,1,25,25,224.48,0,0,0,0,0,0,0,0,0,0,0,0,1,1,0,0,0,0,0,0,0,0,0,0,12,28,3,7,0.12,0.28,62.667,233,188,1631,14.333,178.667,67,247,60,217,62.667,233,188,1631,14.333,178.667,474,345,469.68,342.88
4,7,1,M,167,0,4_7_section1_Registered,1,28,28,222.643,0,0,0,0,0,0,0,0,0,0,0,0,0,1,0,0,1,0,0,0,0,0,0,0,0,42.857,0,12,0,0.429,0,248.333,0,2980,0,156.424,0,255,0,222,0,248.333,0,2980,0,156.424,760,347,759.25,344.321
4,7,1,M,168,0,4_7_section1_Registered,1,19,19,236.421,0,0,0,0,0,0,0,0,0,0,0,0,0,0,0,0,0,0,0,0,0,0,0,0,0,0,0,0,0,0,0,0,0,0,0,0,0,0,0,0,0,0,0,0,0,0,849,344,847.158,342.105
4,7,1,M,169,0,4_7_section1_Registered,1,36,36,227.417,0,0,0,0,0,0,0,0,0,0,0,0,0,0,0,0,1,0,0,0,0,0,0,0,0,0,0,0,0,0,0,0,0,0,0,0,0,0,0,0,0,0,0,0,0,0,246,351,242.417,345.25
4,7,1,M,170,0,4_7_section1_Registered,1,14,14,206.357,0,0,0,0,0,0,0,0,0,0,0,0,0,0,0,0,0,0,0,0,0,0,0,0,0,0,0,0,0,0,0,0,0,0,0,0,0,0,0,0,0,0,0,0,0,0,360,352,359.786,347.643
4,7,1,M,171,0,4_7_section1_Registered,1,15,15,229.8,0,0,0,0,0,0,0,0,0,0,0,0,0,0,0,0,0,0,0,0,0,0,0,0,0,0,0,0,0,0,0,0,0,0,0,0,0,0,0,0,0,0,0,0,0,0,750,345,748.467,343.267
4,7,1,M,172,0,4_7_section1_Registered,1,18,18,208.722,0,0,0,0,0,0,0,0,0,0,0,0,0,0,0,0,0,0,0,0,0,0,0,0,0,0,0,0,0,0,0,0,0,0,0,0,0,0,0,0,0,0,0,0,0,0,388,349,385.722,346.667
4,7,1,M,173,0,4_7_section1_Registered,1,24,24,223.25,0,0,0,0,0,0,0,1,0,0,0,0,0,0,0,0,0,0,0,1,0,0,0,0,0,0,0,0,0,0,0,0,0,0,0,0,0,0,0,0,0,0,0,0,0,0,558,350,559.25,345.583
4,7,1,M,174,0,4_7_section1_Registered,1,19,19,189.211,0,0,0,0,0,0,0,0,0,0,0,0,1,0,0,0,1,0,0,0,0,0,0,0,42.105,0,8,0,0.421,0,85.875,0,687,0,6.125,0,90,0,82,0,85.875,0,687,0,6.125,0,677,350,676.737,346.105
4,7,1,M,175,0,4_7_section1_Registered,1,33,33,230.727,1,0,0,0,0,0,0,1,0,0,0,0,1,0,1,0,1,0,0,1,0,0,0,1,3.03,0,1,0,0.03,0,83,0,83,0,0,0,83,0,83,0,83,0,83,0,0,0,717,348,719.606,345.424
4,7,1,M,176,0,4_7_section1_Registered,1,42,42,238.952,0,0,0,0,0,0,0,0,0,0,0,0,0,0,0,0,1,0,0,0,0,0,0,0,0,0,0,0,0,0,0,0,0,0,0,0,0,0,0,0,0,0,0,0,0,0,775,353,773.762,348.405
4,7,1,M,177,0,4_7_section1_Registered,1,13,13,202.077,0,0,0,0,0,0,0,0,0,0,0,0,0,0,0,0,0,0,0,0,0,0,0,0,0,0,0,0,0,0,0,0,0,0,0,0,0,0,0,0,0,0,0,0,0,0,330,350,330.462,347.077
4,7,1,M,178,0,4_7_section1_Registered,1,43,43,229.279,0,0,0,0,0,0,0,0,0,0,0,1,0,0,0,0,0,0,0,0,0,0,0,1,0,0,0,0,0,0,0,0,0,0,0,0,0,0,0,0,0,0,0,0,0,0,512,355,516,351.07
4,7,1,M,179,0,4_7_section1_Registered,1,16,16,204.5,0,0,0,0,0,0,0,0,0,0,0,0,1,0,0,0,0,0,0,0,0,0,0,0,6.25,0,1,0,0.063,0,100,0,100,0,0,0,100,0,100,0,100,0,100,0,0,0,552,349,550.188,347.188
4,7,1,M,180,0,4_7_section1_Registered,1,23,23,240.348,0,0,0,0,0,0,0,0,0,0,0,0,0,0,0,0,0,0,0,0,0,0,0,0,0,0,0,0,0,0,0,0,0,0,0,0,0,0,0,0,0,0,0,0,0,0,749,349,746.522,347.435
4,7,1,M,181,0,4_7_section1_Registered,1,37,37,223.649,1,0,0,0,0,0,0,1,0,0,0,0,1,0,0,0,2,0,0,1,0,0,0,0,8.108,0,3,0,0.081,0,86,0,258,0,4,0,88,0,84,0,86,0,258,0,4,0,657,353,655.919,349.865
4,7,1,M,182,0,4_7_section1_Registered,1,11,11,215.909,0,0,0,0,0,0,0,0,0,0,0,0,0,0,0,0,1,0,0,0,0,0,0,0,0,0,0,0,0,0,0,0,0,0,0,0,0,0,0,0,0,0,0,0,0,0,742,349,741.455,347.273
4,7,1,M,183,0,4_7_section1_Registered,1,16,16,206.875,0,0,0,0,0,0,0,0,0,0,0,0,0,0,0,0,0,0,0,0,0,0,0,0,0,0,0,0,0,0,0,0,0,0,0,0,0,0,0,0,0,0,0,0,0,0,624,354,622.625,350.25
4,7,1,M,184,0,4_7_section1_Registered,1,33,33,230.636,0,0,0,0,1,0,0,0,0,0,0,0,0,0,0,0,1,0,0,0,0,0,0,0,0,0,0,0,0,0,0,0,0,0,0,0,0,0,0,0,0,0,0,0,0,0,794,358,793.697,351.697
4,7,1,M,185,0,4_7_section1_Registered,1,25,25,234.8,0,0,0,0,0,0,0,0,0,0,0,0,0,0,0,0,0,0,0,0,0,0,0,0,0,0,0,0,0,0,0,0,0,0,0,0,0,0,0,0,0,0,0,0,0,0,200,352,197.24,350.28
4,7,1,M,186,0,4_7_section1_Registered,1,34,34,225.029,0,0,0,0,0,0,0,0,0,0,0,0,0,0,0,0,0,0,0,0,0,0,0,0,0,0,0,0,0,0,0,0,0,0,0,0,0,0,0,0,0,0,0,0,0,0,761,353,760.265,350.588
4,7,1,M,187,0,4_7_section1_Registered,1,41,41,205.317,0,0,0,0,0,0,0,0,0,0,0,0,0,0,0,0,1,0,0,0,0,0,0,0,0,0,0,0,0,0,0,0,0,0,0,0,0,0,0,0,0,0,0,0,0,0,446,361,444.39,356.146
4,7,1,M,188,0,4_7_section1_Registered,1,23,23,244.522,1,0,0,0,0,0,0,1,0,0,0,0,2,0,0,0,1,0,0,1,0,0,0,0,8.696,0,2,0,0.087,0,45,0,90,0,32,0,49,0,41,0,45,0,90,0,32,0,192,355,189.217,352.87
4,7,1,M,189,0,4_7_section1_Registered,1,10,10,225.1,0,0,0,0,0,0,0,0,0,0,0,0,0,0,0,0,0,0,0,0,0,0,0,0,0,0,0,0,0,0,0,0,0,0,0,0,0,0,0,0,0,0,0,0,0,0,236,352,234.5,351
4,7,1,M,190,0,4_7_section1_Registered,1,18,18,207.667,0,0,0,0,0,0,0,0,0,0,0,0,0,0,0,0,0,0,0,0,0,0,0,0,0,0,0,0,0,0,0,0,0,0,0,0,0,0,0,0,0,0,0,0,0,0,391,357,391.111,353.944
4,7,1,M,191,0,4_7_section1_Registered,1,31,31,212.871,1,0,0,0,0,0,0,0,0,0,0,0,1,0,0,0,2,0,0,1,0,0,0,0,3.226,0,1,0,0.032,0,85,0,85,0,0,0,85,0,85,0,85,0,85,0,0,0,544,359,544.129,354.806
4,7,1,M,192,0,4_7_section1_Registered,1,15,15,221.267,0,0,0,0,0,0,0,0,0,0,0,0,0,0,0,0,1,0,0,0,0,0,0,0,0,0,0,0,0,0,0,0,0,0,0,0,0,0,0,0,0,0,0,0,0,0,709,353,707,352
4,7,1,M,193,0,4_7_section1_Registered,1,29,29,218.034,0,0,0,0,0,0,0,0,0,0,0,0,0,0,0,0,1,0,0,0,0,0,0,0,0,0,0,0,0,0,0,0,0,0,0,0,0,0,0,0,0,0,0,0,0,0,380,357,378.31,354.552
4,7,1,M,194,0,4_7_section1_Registered,1,19,19,216.263,0,0,0,0,0,0,0,0,0,0,0,0,0,0,0,0,0,0,0,0,0,0,0,0,0,0,0,0,0,0,0,0,0,0,0,0,0,0,0,0,0,0,0,0,0,0,841,358,838.211,356
4,7,1,M,195,0,4_7_section1_Registered,1,26,26,230.769,0,0,0,0,0,0,0,0,0,0,0,0,1,0,0,0,1,0,0,0,0,0,0,0,7.692,0,2,0,0.077,0,43.5,0,87,0,0.5,0,44,0,43,0,43.5,0,87,0,0.5,0,847,359,846.115,355.923
4,7,1,M,196,0,4_7_section1_Registered,1,15,15,218.733,0,0,0,0,0,0,0,0,0,0,0,0,0,0,0,0,0,0,0,0,0,0,0,0,0,0,0,0,0,0,0,0,0,0,0,0,0,0,0,0,0,0,0,0,0,0,690,358,689.867,354.8
4,7,1,M,197,0,4_7_section1_Registered,1,14,14,218.357,0,0,0,0,1,0,0,0,0,0,0,0,0,0,0,0,1,0,0,0,0,0,0,0,0,0,0,0,0,0,0,0,0,0,0,0,0,0,0,0,0,0,0,0,0,0,829,360,828.143,357
4,7,1,M,198,0,4_7_section1_Registered,1,39,39,214.949,0,0,0,0,0,0,0,0,0,0,0,0,0,0,0,0,0,0,0,0,0,0,0,0,0,0,0,0,0,0,0,0,0,0,0,0,0,0,0,0,0,0,0,0,0,0,549,368,549.205,360.564
4,7,1,M,199,0,4_7_section1_Registered,1,17,17,249.471,0,0,0,0,0,0,0,0,0,0,0,0,0,0,0,0,0,0,0,0,0,0,0,0,0,0,0,0,0,0,0,0,0,0,0,0,0,0,0,0,0,0,0,0,0,0,196,359,194.706,357.588
4,7,1,M,200,0,4_7_section1_Registered,1,10,10,194.4,1,0,0,0,0,0,0,0,0,0,0,0,1,0,0,0,0,0,0,0,0,0,0,0,10,0,1,0,0.1,0,87,0,87,0,0,0,87,0,87,0,87,0,87,0,0,0,674,360,673.1,357.6
4,7,1,M,201,0,4_7_section1_Registered,1,22,22,215.5,0,0,0,0,0,0,0,0,0,0,0,0,0,0,0,0,0,0,0,0,0,0,0,0,0,0,0,0,0,0,0,0,0,0,0,0,0,0,0,0,0,0,0,0,0,0,254,364,251.909,360.636
4,7,1,M,202,0,4_7_section1_Registered,1,44,44,228.841,1,0,0,0,0,0,0,0,0,0,0,0,3,0,0,0,2,0,0,1,0,0,0,0,9.091,0,4,0,0.091,0,77.5,0,310,0,5.667,0,81,0,76,0,77.5,0,310,0,5.667,0,716,368,714.523,363.273
4,7,1,M,203,0,4_7_section1_Registered,1,15,15,204.8,0,0,0,0,0,0,0,0,0,0,0,0,0,0,0,0,0,0,0,0,0,0,0,0,0,0,0,0,0,0,0,0,0,0,0,0,0,0,0,0,0,0,0,0,0,0,723,363,722.867,359.867
4,7,1,M,204,0,4_7_section1_Registered,1,17,17,212.118,0,0,0,0,0,0,1,0,0,0,0,0,0,0,0,0,1,1,1,0,0,0,0,0,0,0,0,0,0,0,0,0,0,0,0,0,0,0,0,0,0,0,0,0,0,0,608,363,606.706,360.176
4,7,1,M,205,0,4_7_section1_Registered,1,19,19,211.158,0,0,0,0,0,0,0,0,0,0,0,0,0,0,0,0,0,0,0,0,0,0,0,0,0,0,0,0,0,0,0,0,0,0,0,0,0,0,0,0,0,0,0,0,0,0,668,364,667.105,361
4,7,1,M,206,0,4_7_section1_Registered,1,16,16,200.875,0,0,0,0,0,0,0,0,0,0,0,0,0,0,0,0,1,0,0,0,0,0,0,0,0,0,0,0,0,0,0,0,0,0,0,0,0,0,0,0,0,0,0,0,0,0,814,364,812.938,361.375
4,7,1,M,207,0,4_7_section1_Registered,1,11,11,240.727,0,0,0,0,0,0,0,0,0,0,0,0,0,0,0,0,0,0,0,0,0,0,0,0,0,0,0,0,0,0,0,0,0,0,0,0,0,0,0,0,0,0,0,0,0,0,858,361,858.455,359.182
4,7,1,M,208,0,4_7_section1_Registered,1,24,24,218.125,0,0,0,0,0,0,0,0,0,0,0,0,0,0,0,0,0,0,0,0,0,0,0,0,0,0,0,0,0,0,0,0,0,0,0,0,0,0,0,0,0,0,0,0,0,0,419,368,418.792,363.292
4,7,1,M,209,0,4_7_section1_Registered,1,16,16,210.875,0,0,0,0,0,0,0,0,0,0,0,0,2,0,0,0,1,0,0,0,0,0,0,0,18.75,0,3,0,0.188,0,86,0,258,0,7,0,88,0,83,0,86,0,258,0,7,0,664,364,663,361.813
4,7,1,M,210,0,4_7_section1_Registered,1,21,21,229.429,0,0,0,0,0,0,0,0,0,0,0,0,0,0,0,0,1,0,0,0,0,0,0,0,0,0,0,0,0,0,0,0,0,0,0,0,0,0,0,0,0,0,0,0,0,0,752,363,750.333,361.857
4,7,1,M,211,0,4_7_section1_Registered,1,12,12,234.5,0,0,0,0,0,0,0,0,0,0,0,0,0,0,0,0,0,0,0,0,0,0,0,0,0,0,0,0,0,0,0,0,0,0,0,0,0,0,0,0,0,0,0,0,0,0,860,364,860.5,362
4,7,1,M,212,0,4_7_section1_Registered,1,42,42,218.238,0,0,0,0,0,0,0,0,0,0,0,0,0,0,0,0,1,0,0,0,0,0,0,1,0,0,0,0,0,0,0,0,0,0,0,0,0,0,0,0,0,0,0,0,0,0,449,373,446.929,367.905
4,7,1,M,213,0,4_7_section1_Registered,1,10,10,200.6,0,0,0,0,0,0,0,0,0,0,0,0,0,0,0,0,0,0,0,0,0,0,0,0,0,0,0,0,0,0,0,0,0,0,0,0,0,0,0,0,0,0,0,0,0,0,799,366,799.3,364.1
4,7,1,M,214,0,4_7_section1_Registered,1,18,18,218.722,0,0,0,0,0,0,0,0,0,0,0,0,0,0,0,0,0,0,0,0,0,0,0,0,0,0,0,0,0,0,0,0,0,0,0,0,0,0,0,0,0,0,0,0,0,0,772,370,772.111,366.556
4,7,1,M,215,0,4_7_section1_Registered,1,35,35,221.429,0,0,0,0,1,0,0,0,0,0,0,0,0,1,0,0,3,0,0,0,0,0,0,0,0,62.857,0,22,0,0.629,0,242.636,0,5338,0,40.909,0,244,0,214,0,242.636,0,5338,0,40.909,432,372,430.257,368.829
4,7,1,M,216,0,4_7_section1_Registered,1,10,10,207.5,1,0,0,0,0,0,0,1,0,0,0,0,1,0,0,0,0,0,0,1,0,0,0,0,10,0,1,0,0.1,0,79,0,79,0,0,0,79,0,79,0,79,0,79,0,0,0,610,368,609.2,366.7
4,7,1,M,217,0,4_7_section1_Registered,1,35,35,232,0,0,0,0,1,0,0,0,0,0,0,0,0,0,0,0,1,0,0,0,0,0,0,0,0,0,0,0,0,0,0,0,0,0,0,0,0,0,0,0,0,0,0,0,0,0,753,371,750.286,368.086
4,7,1,M,218,0,4_7_section1_Registered,1,19,19,228.263,0,0,0,0,0,0,0,0,0,0,0,0,0,0,0,0,1,0,0,0,0,0,0,0,0,0,0,0,0,0,0,0,0,0,0,0,0,0,0,0,0,0,0,0,0,0,784,370,783.368,367.842
4,7,1,M,219,0,4_7_section1_Registered,1,17,17,247,0,0,0,0,1,0,0,0,0,0,0,0,0,0,0,0,1,0,0,0,0,0,0,0,0,0,0,0,0,0,0,0,0,0,0,0,0,0,0,0,0,0,0,0,0,0,176,371,174.412,368.765
4,7,1,M,220,0,4_7_section1_Registered,1,19,19,242.947,0,0,0,0,1,0,0,0,0,0,0,0,0,0,0,0,1,0,0,0,0,0,0,0,0,0,0,0,0,0,0,0,0,0,0,0,0,0,0,0,0,0,0,0,0,0,195,372,194.947,368.842
4,7,1,M,221,0,4_7_section1_Registered,1,10,10,220.9,0,0,0,0,0,0,0,0,0,0,0,0,0,0,0,0,0,0,0,0,0,0,0,0,0,0,0,0,0,0,0,0,0,0,0,0,0,0,0,0,0,0,0,0,0,0,315,370,314.7,367.7
4,7,1,M,222,0,4_7_section1_Registered,1,11,11,201.091,0,0,0,0,0,0,0,0,0,0,0,0,0,1,0,0,0,0,0,0,0,0,0,0,0,100,0,11,0,1,0,244,0,2684,0,0,0,244,0,244,0,244,0,2684,0,0,438,371,437.455,368.727
4,7,1,M,223,0,4_7_section1_Registered,1,25,25,231.6,0,0,0,0,0,0,0,0,0,0,0,0,0,0,0,0,0,0,0,0,0,0,0,0,0,0,0,0,0,0,0,0,0,0,0,0,0,0,0,0,0,0,0,0,0,0,812,372,812.68,368.76
4,7,1,M,224,0,4_7_section1_Registered,1,14,14,227.714,0,0,0,0,0,0,0,0,0,0,0,0,0,0,0,0,2,0,0,0,0,0,0,0,0,0,0,0,0,0,0,0,0,0,0,0,0,0,0,0,0,0,0,0,0,0,184,372,182.571,369.214
4,7,1,M,225,0,4_7_section1_Registered,1,34,34,223.294,0,0,0,0,2,0,0,0,0,0,0,0,0,0,0,0,3,0,0,0,0,0,0,0,0,0,0,0,0,0,0,0,0,0,0,0,0,0,0,0,0,0,0,0,0,0,411,374,411.706,370.265
4,7,1,M,226,0,4_7_section1_Registered,1,12,12,219.167,0,0,0,0,0,0,0,0,0,0,0,0,0,0,0,0,0,0,0,0,0,0,0,0,0,0,0,0,0,0,0,0,0,0,0,0,0,0,0,0,0,0,0,0,0,0,424,373,424.417,370
4,7,1,M,227,0,4_7_section1_Registered,1,10,10,218.1,0,0,0,0,0,0,0,0,0,0,0,0,0,0,0,0,0,0,0,0,0,0,0,0,0,0,0,0,0,0,0,0,0,0,0,0,0,0,0,0,0,0,0,0,0,0,204,372,203.6,370.4
4,7,1,M,228,0,4_7_section1_Registered,1,12,12,222.167,0,0,0,0,0,0,0,0,0,0,0,0,0,0,0,0,0,0,0,0,0,0,0,0,0,0,0,0,0,0,0,0,0,0,0,0,0,0,0,0,0,0,0,0,0,0,324,373,323.75,370.917
4,7,1,M,229,0,4_7_section1_Registered,1,13,13,218.077,0,0,0,0,0,0,0,0,0,0,0,0,1,0,0,0,0,0,0,0,0,0,0,0,7.692,0,1,0,0.077,0,53,0,53,0,0,0,53,0,53,0,53,0,53,0,0,0,481,374,481.077,371.385
4,7,1,M,230,0,4_7_section1_Registered,1,14,14,224.357,0,0,0,0,0,0,0,0,0,0,0,0,0,0,0,0,1,0,0,0,0,0,0,0,0,0,0,0,0,0,0,0,0,0,0,0,0,0,0,0,0,0,0,0,0,0,674,374,672.857,371.786
4,7,1,M,231,0,4_7_section1_Registered,1,20,20,232.65,0,0,0,0,0,0,0,0,0,1,0,1,1,0,0,0,1,0,0,1,0,1,0,1,35,0,7,0,0.35,0,78.714,0,551,0,14.571,0,84,0,74,0,78.714,0,551,0,14.571,0,717,374,717.4,371.5
4,7,1,M,232,0,4_7_section1_Registered,1,19,19,216.368,1,0,0,0,0,0,0,0,0,0,0,0,1,0,0,0,1,0,0,0,0,0,0,0,5.263,0,1,0,0.053,0,61,0,61,0,0,0,61,0,61,0,61,0,61,0,0,0,407,375,405.474,372.842
4,7,1,M,233,0,4_7_section1_Registered,1,29,29,218.586,0,0,0,0,0,0,0,0,0,0,0,0,0,1,0,0,3,0,0,0,0,0,0,0,0,58.621,0,17,0,0.586,0,240.765,0,4093,0,72.816,0,245,0,217,0,240.765,0,4093,0,72.816,452,380,452.172,375.31
4,7,1,M,234,0,4_7_section1_Registered,1,20,20,244.75,0,0,0,0,0,0,0,0,0,0,0,0,0,0,0,0,0,0,0,0,0,0,0,0,0,0,0,0,0,0,0,0,0,0,0,0,0,0,0,0,0,0,0,0,0,0,189,376,189,373.6
4,7,1,M,235,0,4_7_section1_Registered,1,17,17,235.235,0,0,0,0,0,0,0,0,0,0,0,0,0,0,0,0,1,0,0,0,0,0,0,0,0,0,0,0,0,0,0,0,0,0,0,0,0,0,0,0,0,0,0,0,0,0,202,375,200.118,373.588
4,7,1,M,236,0,4_7_section1_Registered,1,34,34,227.353,0,0,0,0,1,0,0,0,0,0,0,0,0,0,0,0,1,0,0,0,0,0,0,0,0,0,0,0,0,0,0,0,0,0,0,0,0,0,0,0,0,0,0,0,0,0,799,382,799.529,377.118
4,7,1,M,237,0,4_7_section1_Registered,1,12,12,200.583,0,0,0,0,0,0,0,0,0,0,0,0,0,1,0,0,0,0,0,0,0,0,0,0,0,83.333,0,10,0,0.833,0,242.2,0,2422,0,32.4,0,244,0,226,0,242.2,0,2422,0,32.4,432,377,430.833,375.167
4,7,1,M,238,0,4_7_section1_Registered,1,23,23,211.261,0,0,0,0,0,0,0,0,0,0,0,0,0,0,0,0,0,0,0,0,0,0,0,0,0,0,0,0,0,0,0,0,0,0,0,0,0,0,0,0,0,0,0,0,0,0,794,380,793.13,376.957
4,7,1,M,239,0,4_7_section1_Registered,1,30,30,226.867,0,0,0,0,0,0,0,0,0,0,0,0,0,0,0,0,0,0,0,0,0,0,0,0,0,0,0,0,0,0,0,0,0,0,0,0,0,0,0,0,0,0,0,0,0,0,389,383,390.5,378.733
4,7,1,M,240,0,4_7_section1_Registered,1,43,43,221.93,0,0,0,0,0,0,0,0,0,0,0,0,0,0,0,0,1,0,0,0,0,0,0,0,0,0,0,0,0,0,0,0,0,0,0,0,0,0,0,0,0,0,0,0,0,0,640,385,640.047,380.698
4,7,1,M,241,0,4_7_section1_Registered,1,13,13,219.308,0,0,0,0,0,0,0,0,0,0,0,0,0,0,0,0,1,0,0,0,0,0,0,0,0,0,0,0,0,0,0,0,0,0,0,0,0,0,0,0,0,0,0,0,0,0,753,378,752.615,376.385
4,7,1,M,242,0,4_7_section1_Registered,1,10,10,195,0,0,0,0,0,0,0,0,0,0,0,0,0,0,0,0,0,0,0,0,0,0,0,0,0,0,0,0,0,0,0,0,0,0,0,0,0,0,0,0,0,0,0,0,0,0,307,380,307.8,377.9
4,7,1,M,243,0,4_7_section1_Registered,1,38,38,222.079,0,0,0,0,0,0,0,0,0,0,0,0,0,0,0,0,0,0,0,0,0,0,0,0,0,0,0,0,0,0,0,0,0,0,0,0,0,0,0,0,0,0,0,0,0,0,766,387,766.816,381.684
4,7,1,M,244,0,4_7_section1_Registered,1,12,12,209.833,0,0,0,0,0,0,0,0,0,0,0,0,0,0,0,0,0,0,0,0,0,0,0,0,0,0,0,0,0,0,0,0,0,0,0,0,0,0,0,0,0,0,0,0,0,0,685,380,684.5,378.5
4,7,1,M,245,0,4_7_section1_Registered,1,12,12,197.75,0,0,0,0,0,0,0,0,0,0,0,0,0,0,0,0,0,0,0,0,0,0,0,0,0,0,0,0,0,0,0,0,0,0,0,0,0,0,0,0,0,0,0,0,0,0,724,383,724,379.833
4,7,1,M,246,0,4_7_section1_Registered,1,13,13,224.923,0,0,0,0,0,0,0,0,0,0,0,0,0,0,0,0,0,0,0,0,0,0,0,0,0,0,0,0,0,0,0,0,0,0,0,0,0,0,0,0,0,0,0,0,0,0,759,382,758.846,379.615
4,7,1,M,247,0,4_7_section1_Registered,1,16,16,224.063,0,0,0,0,0,0,0,0,0,0,0,0,0,0,0,0,0,0,0,0,0,0,0,0,0,0,0,0,0,0,0,0,0,0,0,0,0,0,0,0,0,0,0,0,0,0,203,382,204.438,379.938
4,7,1,M,248,0,4_7_section1_Registered,1,10,10,210.6,0,0,0,0,0,0,0,0,0,0,0,0,0,0,0,0,1,0,0,0,0,0,0,0,0,0,0,0,0,0,0,0,0,0,0,0,0,0,0,0,0,0,0,0,0,0,671,382,669.1,380.4
4,7,1,M,249,0,4_7_section1_Registered,1,12,12,202.75,0,0,0,0,0,0,0,0,0,0,0,0,1,0,0,0,1,1,1,1,0,0,0,0,16.667,0,2,0,0.167,0,65,0,130,0,0,0,65,0,65,0,65,0,130,0,0,0,691,384,690.083,380.417
4,7,1,M,250,0,4_7_section1_Registered,1,15,15,214.533,0,0,0,0,0,0,0,0,0,0,0,0,0,0,0,0,1,0,0,0,0,0,0,0,0,0,0,0,0,0,0,0,0,0,0,0,0,0,0,0,0,0,0,0,0,0,335,386,334.467,382.533
4,7,1,M,251,0,4_7_section1_Registered,1,41,41,221.61,0,0,0,0,1,0,0,0,0,0,0,0,0,1,0,0,1,0,0,0,0,0,0,0,0,2.439,0,1,0,0.024,0,231,0,231,0,0,0,231,0,231,0,231,0,231,0,0,596,386,593.024,382.341
4,7,1,M,252,0,4_7_section1_Registered,1,11,11,203.818,0,0,0,0,0,0,0,0,0,0,0,0,0,0,0,0,0,0,0,0,0,0,0,0,0,0,0,0,0,0,0,0,0,0,0,0,0,0,0,0,0,0,0,0,0,0,561,382,559.545,381.091
4,7,1,M,253,0,4_7_section1_Registered,1,25,25,236.2,0,0,0,0,1,0,0,1,0,0,0,2,0,0,0,0,2,0,0,1,0,0,0,2,0,0,0,0,0,0,0,0,0,0,0,0,0,0,0,0,0,0,0,0,0,0,530,386,533.2,383.68
4,7,1,M,254,0,4_7_section1_Registered,1,12,12,222.333,0,0,0,0,0,0,0,0,0,0,0,0,0,0,0,0,1,0,0,0,0,0,0,1,0,0,0,0,0,0,0,0,0,0,0,0,0,0,0,0,0,0,0,0,0,0,556,389,555.667,385.917
4,7,1,M,255,0,4_7_section1_Registered,1,42,42,203.095,0,0,0,0,0,0,0,0,0,0,0,0,0,0,0,0,1,0,0,0,0,0,0,0,0,0,0,0,0,0,0,0,0,0,0,0,0,0,0,0,0,0,0,0,0,0,436,395,435.357,389.19
4,7,1,M,256,0,4_7_section1_Registered,1,10,10,190.8,0,0,0,0,0,0,0,0,0,0,0,0,0,0,0,0,1,0,0,0,0,0,0,0,0,0,0,0,0,0,0,0,0,0,0,0,0,0,0,0,0,0,0,0,0,0,561,386,559.3,385.2
4,7,1,M,257,0,4_7_section1_Registered,1,15,15,232.533,0,0,0,0,0,1,0,0,0,0,0,0,0,0,0,0,0,1,1,0,0,0,0,0,0,0,0,0,0,0,0,0,0,0,0,0,0,0,0,0,0,0,0,0,0,0,708,387,705.8,386.067
4,7,1,M,258,0,4_7_section1_Registered,1,14,14,214.429,0,0,0,0,0,0,0,0,0,0,0,0,0,0,0,0,0,0,0,0,0,0,0,0,0,0,0,0,0,0,0,0,0,0,0,0,0,0,0,0,0,0,0,0,0,0,761,388,759.286,386.143
4,7,1,M,259,0,4_7_section1_Registered,1,24,24,239.792,0,0,0,0,0,0,0,0,0,0,0,0,0,1,0,0,0,0,0,0,0,0,0,0,0,41.667,0,10,0,0.417,0,238.9,0,2389,0,340.1,0,254,0,206,0,238.9,0,2389,0,340.1,306,390,303.333,387.958
4,7,1,M,260,0,4_7_section1_Registered,1,21,21,238.333,0,0,0,0,0,0,0,0,0,0,0,0,0,0,0,0,0,0,0,0,0,0,0,0,0,0,0,0,0,0,0,0,0,0,0,0,0,0,0,0,0,0,0,0,0,0,531,389,534,387
4,7,1,M,261,0,4_7_section1_Registered,1,27,27,231.778,0,0,0,0,0,0,0,0,0,0,0,0,0,0,0,0,0,0,1,0,0,0,0,0,0,0,0,0,0,0,0,0,0,0,0,0,0,0,0,0,0,0,0,0,0,0,680,390,677.444,387.556
4,7,1,M,262,0,4_7_section1_Registered,1,28,28,205.821,0,0,0,0,0,0,0,0,0,0,0,0,0,0,0,0,1,0,0,0,0,0,0,0,0,0,0,0,0,0,0,0,0,0,0,0,0,0,0,0,0,0,0,0,0,0,406,393,406.536,389.571
4,7,1,M,263,0,4_7_section1_Registered,1,12,12,195.583,0,0,0,0,0,0,0,0,0,0,0,0,0,0,0,0,0,0,0,0,0,0,0,0,0,0,0,0,0,0,0,0,0,0,0,0,0,0,0,0,0,0,0,0,0,0,742,389,740.833,387.5
4,7,1,M,264,0,4_7_section1_Registered,1,23,23,208.478,0,0,0,0,0,0,0,0,0,0,0,0,0,0,0,0,0,0,0,0,0,0,0,0,0,0,0,0,0,0,0,0,0,0,0,0,0,0,0,0,0,0,0,0,0,0,332,395,332.478,390.609
4,7,1,M,265,0,4_7_section1_Registered,1,16,16,231.75,0,0,0,0,0,0,0,0,0,0,0,0,0,0,0,0,0,0,0,0,0,0,0,0,0,0,0,0,0,0,0,0,0,0,0,0,0,0,0,0,0,0,0,0,0,0,490,391,487.375,388.625
4,7,1,M,266,0,4_7_section1_Registered,1,10,10,202.3,0,0,0,0,0,0,0,0,0,0,0,0,0,0,0,0,0,0,0,0,0,0,0,0,0,0,0,0,0,0,0,0,0,0,0,0,0,0,0,0,0,0,0,0,0,0,746,390,745,388.8
4,7,1,M,267,0,4_7_section1_Registered,1,30,30,228.233,0,0,0,0,0,0,0,0,0,0,0,0,0,0,0,0,1,0,0,0,0,0,0,0,0,0,0,0,0,0,0,0,0,0,0,0,0,0,0,0,0,0,0,0,0,0,198,395,197.4,391.333
4,7,1,M,268,0,4_7_section1_Registered,1,11,11,216.182,0,0,0,0,0,0,0,0,0,0,0,0,0,0,0,0,0,0,0,0,0,0,0,0,0,0,0,0,0,0,0,0,0,0,0,0,0,0,0,0,0,0,0,0,0,0,512,392,512.727,389.909
4,7,1,M,269,0,4_7_section1_Registered,1,43,43,232.395,0,0,0,0,1,0,0,0,0,0,0,0,0,0,0,0,2,1,1,0,0,0,0,0,0,0,0,0,0,0,0,0,0,0,0,0,0,0,0,0,0,0,0,0,0,0,699,395,696.837,391.837
4,7,1,M,270,0,4_7_section1_Registered,1,14,14,205.786,0,0,0,0,0,0,0,0,0,0,0,0,0,0,0,0,0,1,0,0,0,0,0,0,0,0,0,0,0,0,0,0,0,0,0,0,0,0,0,0,0,0,0,0,0,0,604,396,603.571,392.071
4,7,1,M,271,0,4_7_section1_Registered,1,10,10,212.1,0,0,0,0,0,0,0,0,0,0,0,0,0,0,0,0,0,0,0,0,0,0,0,0,0,0,0,0,0,0,0,0,0,0,0,0,0,0,0,0,0,0,0,0,0,0,358,393,357,391.8
4,7,1,M,272,0,4_7_section1_Registered,1,11,11,216.818,0,0,0,0,0,0,0,0,0,0,0,0,0,0,0,0,0,0,0,0,0,0,0,0,0,0,0,0,0,0,0,0,0,0,0,0,0,0,0,0,0,0,0,0,0,0,611,393,610.182,391.545
4,7,1,M,273,0,4_7_section1_Registered,1,25,25,230.32,0,0,0,0,0,0,0,0,0,0,0,0,0,0,0,0,1,0,0,0,0,0,0,0,0,0,0,0,0,0,0,0,0,0,0,0,0,0,0,0,0,0,0,0,0,0,264,396,262.64,393.88
4,7,1,M,274,0,4_7_section1_Registered,1,20,20,217.1,0,0,0,0,0,0,0,0,0,0,0,0,0,0,0,0,1,0,0,0,0,0,0,0,0,0,0,0,0,0,0,0,0,0,0,0,0,0,0,0,0,0,0,0,0,0,779,400,778.65,395.8
4,7,1,M,275,0,4_7_section1_Registered,1,16,16,217.813,0,0,0,0,0,0,0,0,0,0,0,0,0,1,1,0,0,0,0,0,0,0,0,0,0,37.5,0,6,0,0.375,0,253.5,0,1521,0,10.3,0,255,0,247,0,253.5,0,1521,0,10.3,729,396,728.875,393.688
4,7,1,M,276,0,4_7_section1_Registered,1,29,29,224.69,0,0,0,0,0,0,0,0,0,0,0,0,0,0,0,0,0,0,0,0,0,0,0,0,0,0,0,0,0,0,0,0,0,0,0,0,0,0,0,0,0,0,0,0,0,0,747,401,746.034,396.517
4,7,1,M,277,0,4_7_section1_Registered,1,20,20,223.65,0,0,0,0,1,1,0,0,0,0,0,0,0,0,0,0,2,1,0,1,0,0,0,0,0,0,0,0,0,0,0,0,0,0,0,0,0,0,0,0,0,0,0,0,0,0,441,400,440.95,396.5
4,7,1,M,278,0,4_7_section1_Registered,1,38,38,228.789,0,0,0,0,0,0,0,1,0,0,0,0,0,0,0,0,1,1,1,1,0,0,0,0,0,0,0,0,0,0,0,0,0,0,0,0,0,0,0,0,0,0,0,0,0,0,689,402,688.5,397.5
4,7,1,M,279,0,4_7_section1_Registered,1,10,10,191.2,0,0,0,0,0,0,0,0,0,0,0,0,0,0,0,0,0,0,0,0,0,0,0,0,0,0,0,0,0,0,0,0,0,0,0,0,0,0,0,0,0,0,0,0,0,0,365,399,364.5,396.5
4,7,1,M,280,0,4_7_section1_Registered,1,11,11,215,0,0,0,0,0,0,0,0,0,0,0,0,0,0,0,0,1,2,0,0,0,0,0,0,0,0,0,0,0,0,0,0,0,0,0,0,0,0,0,0,0,0,0,0,0,0,611,398,611.091,396
4,7,1,M,281,0,4_7_section1_Registered,1,22,22,237.864,0,0,0,0,0,0,0,0,0,0,0,0,0,0,0,0,2,1,1,0,0,0,0,0,0,0,0,0,0,0,0,0,0,0,0,0,0,0,0,0,0,0,0,0,0,0,696,400,694,397.5
4,7,1,M,282,0,4_7_section1_Registered,1,43,43,238.744,1,0,0,0,0,0,0,0,0,0,0,0,2,0,0,0,2,0,0,0,0,0,0,0,6.977,0,3,0,0.07,0,44.667,0,134,0,0.333,0,45,0,44,0,44.667,0,134,0,0.333,0,183,402,180.07,397.884
4,7,1,M,283,0,4_7_section1_Registered,1,10,10,244.1,0,0,0,0,0,0,0,0,0,0,0,0,0,0,0,0,0,0,0,0,0,0,0,0,0,0,0,0,0,0,0,0,0,0,0,0,0,0,0,0,0,0,0,0,0,0,196,398,194.7,396.8
4,7,1,M,284,0,4_7_section1_Registered,1,35,35,227.114,0,0,0,0,0,0,0,0,0,0,0,0,0,0,0,0,0,0,0,0,0,0,0,0,0,0,0,0,0,0,0,0,0,0,0,0,0,0,0,0,0,0,0,0,0,0,322,404,320.6,400.029
4,7,1,M,285,0,4_7_section1_Registered,1,43,43,236.512,0,0,0,0,0,0,0,0,0,0,0,0,0,1,1,0,0,0,0,0,0,0,0,0,0,81.395,0,35,0,0.814,0,254.057,0,8892,0,27.408,0,255,0,224,0,254.057,0,8892,0,27.408,725,405,725.744,400.884
4,7,1,M,286,0,4_7_section1_Registered,1,12,12,213.25,0,0,0,0,0,0,0,0,0,0,0,0,0,0,0,0,2,0,0,0,0,0,0,0,0,0,0,0,0,0,0,0,0,0,0,0,0,0,0,0,0,0,0,0,0,0,190,400,188.167,398.917
4,7,1,M,287,0,4_7_section1_Registered,1,14,14,234,0,0,0,0,0,0,0,0,0,0,0,0,0,0,0,0,0,0,0,0,0,0,0,0,0,0,0,0,0,0,0,0,0,0,0,0,0,0,0,0,0,0,0,0,0,0,212,402,210.643,399.571
4,7,1,M,288,0,4_7_section1_Registered,1,31,31,199.839,0,0,0,0,0,0,0,0,0,0,0,0,0,0,0,0,0,0,0,0,0,0,0,0,0,0,0,0,0,0,0,0,0,0,0,0,0,0,0,0,0,0,0,0,0,0,499,405,499.677,400.581
4,7,1,M,289,0,4_7_section1_Registered,1,35,35,223.114,0,0,0,0,0,0,0,0,0,0,0,0,0,1,1,0,0,0,0,0,0,0,0,0,0,31.429,0,11,0,0.314,0,246.273,0,2709,0,193.618,0,254,0,217,0,246.273,0,2709,0,193.618,735,406,733.743,402.886
4,7,1,M,290,0,4_7_section1_Registered,1,30,30,214.267,0,0,0,0,2,0,0,0,0,0,0,0,0,0,0,0,2,1,1,0,0,0,0,0,0,0,0,0,0,0,0,0,0,0,0,0,0,0,0,0,0,0,0,0,0,0,452,410,451.033,404.4
4,7,1,M,291,0,4_7_section1_Registered,1,28,28,236.036,0,0,0,0,0,0,0,0,0,0,0,0,0,0,0,0,1,1,0,0,0,0,0,0,0,0,0,0,0,0,0,0,0,0,0,0,0,0,0,0,0,0,0,0,0,0,696,405,693.393,403.107
4,7,1,M,292,0,4_7_section1_Registered,1,28,28,239.75,0,0,0,0,0,0,0,0,0,0,0,0,0,0,0,0,0,0,0,0,0,0,0,0,0,0,0,0,0,0,0,0,0,0,0,0,0,0,0,0,0,0,0,0,0,0,174,407,176.071,404.107
4,7,1,M,293,0,4_7_section1_Registered,1,11,11,224.545,0,0,0,0,0,0,0,0,0,0,0,0,0,0,0,0,0,0,0,0,0,0,0,0,0,0,0,0,0,0,0,0,0,0,0,0,0,0,0,0,0,0,0,0,0,0,209,405,207.909,402.818
4,7,1,M,294,0,4_7_section1_Registered,1,30,30,208.567,0,0,0,0,0,0,0,0,0,0,0,0,0,2,0,0,0,0,0,0,0,0,0,0,0,73.333,0,22,0,0.733,0,232.864,0,5123,0,135.742,0,238,0,197,0,232.864,0,5123,0,135.742,357,412,357.233,406.6
4,7,1,M,295,0,4_7_section1_Registered,1,27,27,232.037,0,0,0,0,0,0,0,0,0,0,0,0,0,0,0,0,0,0,0,0,0,0,0,0,0,0,0,0,0,0,0,0,0,0,0,0,0,0,0,0,0,0,0,0,0,0,585,411,586,405.593
4,7,1,M,296,0,4_7_section1_Registered,1,30,30,243.4,0,0,0,0,0,0,0,0,0,0,0,0,0,0,0,0,0,0,0,0,0,0,0,0,0,0,0,0,0,0,0,0,0,0,0,0,0,0,0,0,0,0,0,0,0,0,184,409,183.4,406.1
4,7,1,M,297,0,4_7_section1_Registered,1,12,12,232.5,0,0,0,0,0,0,0,0,0,0,0,0,0,0,0,0,1,0,0,0,0,0,0,0,0,0,0,0,0,0,0,0,0,0,0,0,0,0,0,0,0,0,0,0,0,0,249,407,247.5,405.667
4,7,1,M,298,0,4_7_section1_Registered,1,23,23,229.826,0,0,0,0,1,0,0,0,0,0,0,0,0,0,0,0,1,0,0,0,0,0,0,0,0,0,0,0,0,0,0,0,0,0,0,0,0,0,0,0,0,0,0,0,0,0,158,412,158.957,408.696
4,7,1,M,299,0,4_7_section1_Registered,1,29,29,241.69,0,0,0,0,1,0,0,0,0,0,0,0,0,0,1,0,1,1,1,0,0,0,0,0,0,0,0,0,0,0,0,0,0,0,0,0,0,0,0,0,0,0,0,0,0,0,724,412,726.69,408.586
4,7,1,M,300,0,4_7_section1_Registered,1,21,21,236.905,1,0,0,0,0,0,0,0,0,0,0,0,1,0,0,0,0,0,0,0,0,0,0,0,4.762,0,1,0,0.048,0,38,0,38,0,0,0,38,0,38,0,38,0,38,0,0,0,169,410,167.381,407.381
4,7,1,M,301,0,4_7_section1_Registered,1,22,22,224.091,0,0,0,0,0,0,0,0,0,0,0,0,0,0,1,0,0,1,0,0,1,0,0,0,0,0,0,0,0,0,0,0,0,0,0,0,0,0,0,0,0,0,0,0,0,0,681,414,680.364,410.864
4,7,1,M,302,0,4_7_section1_Registered,1,21,21,229.952,0,0,0,0,0,0,0,0,0,0,0,0,0,1,1,0,1,1,1,0,0,0,0,0,0,100,0,21,0,1,0,252.952,0,5312,0,57.448,0,255,0,221,0,252.952,0,5312,0,57.448,668,410,665.238,408.667
4,7,1,M,303,0,4_7_section1_Registered,1,14,14,212.857,0,0,0,0,0,0,0,0,0,0,0,0,0,0,0,0,0,0,0,0,0,0,0,0,0,0,0,0,0,0,0,0,0,0,0,0,0,0,0,0,0,0,0,0,0,0,430,414,429.357,410.429
4,7,1,M,304,0,4_7_section1_Registered,1,12,12,246.917,0,0,0,0,0,0,0,0,0,0,0,0,0,0,0,0,0,1,1,0,0,0,0,0,0,0,0,0,0,0,0,0,0,0,0,0,0,0,0,0,0,0,0,0,0,0,733,410,732.583,408.917
4,7,1,M,305,0,4_7_section1_Registered,1,11,11,216.818,0,0,0,0,0,0,0,0,0,0,0,0,0,0,0,0,0,0,0,0,0,0,0,0,0,0,0,0,0,0,0,0,0,0,0,0,0,0,0,0,0,0,0,0,0,0,188,411,187.909,410.182
4,7,1,M,306,0,4_7_section1_Registered,1,28,28,225.857,0,0,0,0,0,0,0,0,0,0,0,0,0,0,0,0,0,0,0,0,0,0,0,0,0,0,0,0,0,0,0,0,0,0,0,0,0,0,0,0,0,0,0,0,0,0,369,418,368.107,412.393
4,7,1,M,307,0,4_7_section1_Registered,1,19,19,209.105,0,0,0,0,0,0,0,0,0,0,0,0,0,0,0,0,0,0,0,0,0,0,0,0,0,0,0,0,0,0,0,0,0,0,0,0,0,0,0,0,0,0,0,0,0,0,397,414,396.421,411.632
4,7,1,M,308,0,4_7_section1_Registered,1,33,33,231.545,0,0,0,0,0,0,0,0,0,0,0,0,0,0,0,0,0,0,0,0,0,0,0,0,0,0,0,0,0,0,0,0,0,0,0,0,0,0,0,0,0,0,0,0,0,0,233,417,236.121,413.303
4,7,1,M,309,0,4_7_section1_Registered,1,15,15,241.933,0,0,0,0,0,0,0,0,0,0,0,0,0,0,1,0,0,0,1,0,0,0,0,0,0,0,0,0,0,0,0,0,0,0,0,0,0,0,0,0,0,0,0,0,0,0,719,413,718.8,411.933
4,7,1,M,310,0,4_7_section1_Registered,1,26,26,225.346,0,0,0,0,1,1,1,0,0,0,0,0,0,0,0,0,1,2,1,0,0,0,0,0,0,0,0,0,0,0,0,0,0,0,0,0,0,0,0,0,0,0,0,0,0,0,453,420,452.538,416.615
4,7,1,M,311,0,4_7_section1_Registered,1,37,37,227.189,0,0,0,0,2,4,0,0,0,0,0,0,0,0,0,0,3,4,0,0,0,0,0,0,0,0,0,0,0,0,0,0,0,0,0,0,0,0,0,0,0,0,0,0,0,0,428,422,427.243,418.324
4,7,1,M,312,0,4_7_section1_Registered,1,18,18,218.111,0,0,0,0,0,0,0,0,0,0,0,0,0,0,0,0,1,1,1,0,0,0,0,0,0,0,0,0,0,0,0,0,0,0,0,0,0,0,0,0,0,0,0,0,0,0,640,421,639.056,417.611
4,7,1,M,313,0,4_7_section1_Registered,1,18,18,236.778,0,0,0,0,0,0,0,0,0,0,0,0,1,0,0,0,1,0,0,0,0,0,0,0,5.556,0,1,0,0.056,0,38,0,38,0,0,0,38,0,38,0,38,0,38,0,0,0,266,419,264.667,417
4,7,1,M,314,0,4_7_section1_Registered,1,26,26,223.038,1,0,0,0,0,0,0,0,0,0,0,0,1,0,0,0,1,0,0,0,0,0,0,0,7.692,0,2,0,0.077,0,44.5,0,89,0,40.5,0,49,0,40,0,44.5,0,89,0,40.5,0,207,422,204.462,419.231
4,7,1,M,315,0,4_7_section1_Registered,1,13,13,204.923,0,0,0,0,0,0,0,0,0,0,0,0,0,0,0,0,0,1,1,0,0,0,0,0,0,0,0,0,0,0,0,0,0,0,0,0,0,0,0,0,0,0,0,0,0,0,660,420,658,418.692
4,7,1,M,316,0,4_7_section1_Registered,1,35,35,227.943,0,0,0,0,1,0,1,0,0,0,0,0,0,0,0,0,2,1,2,0,0,0,0,0,0,0,0,0,0,0,0,0,0,0,0,0,0,0,0,0,0,0,0,0,0,0,499,426,497.314,422.114
4,7,1,M,317,0,4_7_section1_Registered,1,32,32,227.813,0,0,0,0,0,0,0,0,0,0,0,0,0,0,0,0,1,1,1,0,1,0,0,0,0,0,0,0,0,0,0,0,0,0,0,0,0,0,0,0,0,0,0,0,0,0,624,426,623.906,420.156
4,7,1,M,318,0,4_7_section1_Registered,1,11,11,223.182,0,0,0,0,0,0,0,0,0,0,0,0,0,0,0,0,1,0,0,0,0,0,0,0,0,0,0,0,0,0,0,0,0,0,0,0,0,0,0,0,0,0,0,0,0,0,166,420,166.909,418.818
4,7,1,M,319,0,4_7_section1_Registered,1,11,11,226.545,0,0,0,0,0,0,0,0,0,0,0,0,0,0,0,0,1,0,0,0,0,0,0,0,0,0,0,0,0,0,0,0,0,0,0,0,0,0,0,0,0,0,0,0,0,0,175,421,174.364,419.455
4,7,1,M,320,0,4_7_section1_Registered,1,13,13,212.769,0,0,0,0,0,0,0,0,0,0,0,0,0,0,0,0,0,0,0,0,0,0,0,0,0,0,0,0,0,0,0,0,0,0,0,0,0,0,0,0,0,0,0,0,0,0,462,423,461.077,420.692
4,7,1,M,321,0,4_7_section1_Registered,1,12,12,211.5,0,0,0,0,0,0,0,0,0,0,0,0,0,0,0,0,1,1,1,0,0,0,0,0,0,0,0,0,0,0,0,0,0,0,0,0,0,0,0,0,0,0,0,0,0,0,486,423,485.167,420
4,7,1,M,322,0,4_7_section1_Registered,1,15,15,234.2,0,0,0,0,0,0,0,0,0,0,0,0,0,0,0,0,0,0,0,0,0,0,0,0,0,0,0,0,0,0,0,0,0,0,0,0,0,0,0,0,0,0,0,0,0,0,241,422,239.067,420.4
4,7,1,M,323,0,4_7_section1_Registered,1,13,13,223.923,0,0,0,0,0,0,0,0,0,0,0,0,0,0,0,0,0,0,0,0,0,0,0,0,0,0,0,0,0,0,0,0,0,0,0,0,0,0,0,0,0,0,0,0,0,0,438,423,436.846,420.769
4,7,1,M,324,0,4_7_section1_Registered,1,28,28,231.643,0,0,0,0,0,0,0,0,0,0,0,0,0,0,0,0,2,1,2,0,0,0,0,0,0,0,0,0,0,0,0,0,0,0,0,0,0,0,0,0,0,0,0,0,0,0,637,426,634.893,421.964
4,7,1,M,325,0,4_7_section1_Registered,1,13,13,227.846,0,0,0,0,0,0,0,0,0,0,0,0,1,0,0,0,2,0,0,0,0,0,0,0,7.692,0,1,0,0.077,0,39,0,39,0,0,0,39,0,39,0,39,0,39,0,0,0,178,424,177.769,421.692
4,7,1,M,326,0,4_7_section1_Registered,1,22,22,224.273,0,0,0,0,1,0,0,0,0,0,0,0,0,0,0,0,1,0,0,0,0,0,0,0,0,0,0,0,0,0,0,0,0,0,0,0,0,0,0,0,0,0,0,0,0,0,199,425,200.136,422.5
4,7,1,M,327,0,4_7_section1_Registered,1,18,18,227.833,0,0,0,0,0,0,0,0,0,0,0,0,0,0,0,0,0,0,0,0,0,0,0,0,0,0,0,0,0,0,0,0,0,0,0,0,0,0,0,0,0,0,0,0,0,0,316,426,316.389,423.5
4,7,1,M,328,0,4_7_section1_Registered,1,28,28,219.786,0,0,0,0,0,0,0,0,0,0,0,0,0,0,0,0,2,0,0,0,0,0,0,0,0,0,0,0,0,0,0,0,0,0,0,0,0,0,0,0,0,0,0,0,0,0,397,427,397.571,423.893
4,7,1,M,329,0,4_7_section1_Registered,1,43,43,228,0,0,0,0,1,1,0,0,0,0,0,0,0,0,0,0,2,2,0,0,0,0,0,0,0,0,0,0,0,0,0,0,0,0,0,0,0,0,0,0,0,0,0,0,0,0,506,429,506.372,425.14
4,7,1,M,330,0,4_7_section1_Registered,1,16,16,219.875,0,0,0,0,0,0,0,0,0,0,0,0,0,0,0,0,0,2,1,0,0,0,0,0,0,0,0,0,0,0,0,0,0,0,0,0,0,0,0,0,0,0,0,0,0,0,644,427,643.375,423.25
4,7,1,M,331,0,4_7_section1_Registered,1,11,11,197.182,0,0,0,0,0,0,0,0,0,0,0,0,0,0,0,0,0,1,1,0,0,0,0,0,0,0,0,0,0,0,0,0,0,0,0,0,0,0,0,0,0,0,0,0,0,0,668,424,667,422.727
4,7,1,M,332,0,4_7_section1_Registered,1,20,20,225.7,0,0,0,0,0,0,0,0,0,0,0,0,0,0,0,0,0,0,0,0,0,0,0,0,0,0,0,0,0,0,0,0,0,0,0,0,0,0,0,0,0,0,0,0,0,0,282,426,281,424.25
4,7,1,M,333,0,4_7_section1_Registered,1,22,22,207.045,0,0,0,0,0,0,0,0,0,0,0,0,0,0,0,0,1,1,1,0,0,0,0,0,0,0,0,0,0,0,0,0,0,0,0,0,0,0,0,0,0,0,0,0,0,0,415,434,414.364,428.091
4,7,1,M,334,0,4_7_section1_Registered,1,13,13,199,0,0,0,0,0,1,0,0,0,0,0,0,0,0,0,0,0,1,0,0,0,0,0,0,0,0,0,0,0,0,0,0,0,0,0,0,0,0,0,0,0,0,0,0,0,0,420,427,421.308,424.538
4,7,1,M,335,0,4_7_section1_Registered,1,13,13,228.231,0,0,0,0,0,0,0,0,0,0,0,0,0,0,0,0,0,0,0,0,0,0,0,0,0,0,0,0,0,0,0,0,0,0,0,0,0,0,0,0,0,0,0,0,0,0,581,425,579.538,423.846
4,7,1,M,336,0,4_7_section1_Registered,1,21,21,213.952,0,0,0,0,0,0,0,0,0,0,0,0,0,0,0,0,0,0,0,0,0,0,0,0,0,0,0,0,0,0,0,0,0,0,0,0,0,0,0,0,0,0,0,0,0,0,586,428,584.762,424.667
4,7,1,M,337,0,4_7_section1_Registered,1,11,11,214.182,0,0,0,0,0,0,0,0,0,0,0,0,0,0,0,0,0,0,0,0,0,0,0,0,0,0,0,0,0,0,0,0,0,0,0,0,0,0,0,0,0,0,0,0,0,0,313,429,312,426.273
4,7,1,M,338,0,4_7_section1_Registered,1,13,13,225.154,0,0,0,0,1,0,0,0,0,0,0,0,0,0,0,0,2,1,1,0,0,0,0,0,0,0,0,0,0,0,0,0,0,0,0,0,0,0,0,0,0,0,0,0,0,0,521,427,519.692,425.385
4,7,1,M,339,0,4_7_section1_Registered,1,23,23,232.043,0,0,0,0,0,0,0,0,0,0,0,0,0,1,0,0,1,0,0,0,0,0,0,0,0,65.217,0,15,0,0.652,0,247.6,0,3714,0,237.971,0,255,0,203,0,247.6,0,3714,0,237.971,255,428,251.739,426.478
4,7,1,M,340,0,4_7_section1_Registered,1,22,22,212.409,0,0,0,0,0,1,0,0,0,0,0,0,0,0,0,0,1,2,0,0,0,0,0,0,0,0,0,0,0,0,0,0,0,0,0,0,0,0,0,0,0,0,0,0,0,0,476,431,476.409,427.591
4,7,1,M,341,0,4_7_section1_Registered,1,18,18,214.056,0,0,0,0,0,0,0,0,0,0,0,0,0,0,0,0,0,0,0,0,0,0,0,0,0,0,0,0,0,0,0,0,0,0,0,0,0,0,0,0,0,0,0,0,0,0,333,432,332.5,428.056
4,7,1,M,342,0,4_7_section1_Registered,1,28,28,223.571,0,0,0,0,0,0,0,0,0,0,0,0,0,0,0,0,0,0,0,0,0,0,0,0,0,0,0,0,0,0,0,0,0,0,0,0,0,0,0,0,0,0,0,0,0,0,371,432,369.071,429.571
4,7,1,M,343,0,4_7_section1_Registered,1,37,37,221.892,0,0,0,0,1,0,0,0,0,0,0,0,0,0,0,0,2,1,0,0,0,0,0,0,0,0,0,0,0,0,0,0,0,0,0,0,0,0,0,0,0,0,0,0,0,0,450,436,449.027,430.189
4,7,1,M,344,0,4_7_section1_Registered,1,22,22,226.591,0,0,0,0,0,0,0,0,0,0,0,0,0,0,0,0,1,1,0,0,0,0,0,0,0,0,0,0,0,0,0,0,0,0,0,0,0,0,0,0,0,0,0,0,0,0,486,433,485.591,429.273
4,7,1,M,345,0,4_7_section1_Registered,1,33,33,228.273,0,0,0,0,0,0,0,0,0,0,0,0,0,0,0,0,0,0,0,0,0,0,0,0,0,0,0,0,0,0,0,0,0,0,0,0,0,0,0,0,0,0,0,0,0,0,583,435,581.939,430.303
4,7,1,M,346,0,4_7_section1_Registered,1,28,28,234.5,0,0,0,0,0,0,0,0,0,0,0,0,0,0,0,0,1,0,0,0,0,0,0,0,0,0,0,0,0,0,0,0,0,0,0,0,0,0,0,0,0,0,0,0,0,0,171,434,173.071,431.25
4,7,1,M,347,0,4_7_section1_Registered,1,24,24,234.25,0,0,0,0,0,0,0,0,0,0,0,0,0,0,0,0,1,0,0,0,0,0,0,0,0,0,0,0,0,0,0,0,0,0,0,0,0,0,0,0,0,0,0,0,0,0,161,437,160.458,432.625
4,7,1,M,348,0,4_7_section1_Registered,1,10,10,215.3,0,0,0,0,1,0,0,0,0,0,0,0,0,0,0,0,1,0,0,0,0,0,0,0,0,0,0,0,0,0,0,0,0,0,0,0,0,0,0,0,0,0,0,0,0,0,387,433,386.9,430.9
4,7,1,M,349,0,4_7_section1_Registered,1,38,38,220.158,0,0,0,0,0,0,0,0,0,0,0,0,0,0,0,0,0,0,0,0,0,0,0,0,0,0,0,0,0,0,0,0,0,0,0,0,0,0,0,0,0,0,0,0,0,0,504,437,502.316,433.395
4,7,1,M,350,0,4_7_section1_Registered,1,10,10,202.8,0,0,0,0,0,0,0,0,0,0,0,0,0,0,0,0,0,0,0,0,0,0,0,0,0,0,0,0,0,0,0,0,0,0,0,0,0,0,0,0,0,0,0,0,0,0,329,435,329.4,432.5
4,7,1,M,351,0,4_7_section1_Registered,1,11,11,208.727,0,0,0,0,0,0,0,0,0,0,0,0,0,0,0,0,1,0,0,0,0,0,0,0,0,0,0,0,0,0,0,0,0,0,0,0,0,0,0,0,0,0,0,0,0,0,156,434,155.545,432.364
4,7,1,M,352,0,4_7_section1_Registered,1,22,22,224,0,0,0,0,0,0,0,0,0,0,0,0,0,0,0,0,1,1,1,0,0,0,0,0,0,0,0,0,0,0,0,0,0,0,0,0,0,0,0,0,0,0,0,0,0,0,495,440,495.773,435.818
4,7,1,M,353,0,4_7_section1_Registered,1,22,22,218.682,0,0,0,0,0,0,0,0,0,0,0,0,0,0,0,0,0,0,0,0,0,0,0,0,0,0,0,0,0,0,0,0,0,0,0,0,0,0,0,0,0,0,0,0,0,0,188,439,186.364,436
4,7,1,M,354,0,4_7_section1_Registered,1,42,42,244.024,0,0,0,0,0,0,0,0,0,0,0,0,0,0,0,0,0,0,0,0,0,0,0,0,0,0,0,0,0,0,0,0,0,0,0,0,0,0,0,0,0,0,0,0,0,0,290,444,288.881,439.452
4,7,1,M,355,0,4_7_section1_Registered,1,20,20,207.9,0,0,0,0,0,0,0,0,0,0,0,0,0,1,0,0,1,0,0,0,0,0,0,0,0,35,0,7,0,0.35,0,231.857,0,1623,0,324.143,0,242,0,198,0,231.857,0,1623,0,324.143,429,440,426,437
4,7,1,M,356,0,4_7_section1_Registered,1,18,18,225.278,0,0,0,0,0,0,0,0,0,0,0,0,0,0,0,0,0,0,0,0,0,0,0,0,0,0,0,0,0,0,0,0,0,0,0,0,0,0,0,0,0,0,0,0,0,0,455,438,453.444,436.389
4,7,1,M,357,0,4_7_section1_Registered,1,19,19,222.684,0,0,0,0,0,0,0,0,0,0,0,0,1,0,0,0,0,0,0,0,0,0,0,0,5.263,0,1,0,0.053,0,42,0,42,0,0,0,42,0,42,0,42,0,42,0,0,0,350,444,349.842,438.947
4,7,1,M,358,0,4_7_section1_Registered,1,21,21,223.905,0,0,0,0,0,1,0,0,0,0,0,0,0,0,0,0,1,1,0,0,0,0,0,0,0,0,0,0,0,0,0,0,0,0,0,0,0,0,0,0,0,0,0,0,0,0,377,439,376.857,436.857
4,7,1,M,359,0,4_7_section1_Registered,1,22,22,208.909,0,0,0,0,1,0,0,1,0,0,0,0,1,0,0,0,2,0,0,1,0,0,0,0,18.182,0,4,0,0.182,0,43.25,0,173,0,0.917,0,44,0,42,0,43.25,0,173,0,0.917,0,381,444,381.227,439.591
4,7,1,M,360,0,4_7_section1_Registered,1,11,11,212.091,0,0,0,0,1,0,0,0,0,0,0,0,0,0,0,0,1,0,0,0,0,0,0,0,0,0,0,0,0,0,0,0,0,0,0,0,0,0,0,0,0,0,0,0,0,0,436,440,434.727,438.182
4,7,1,M,361,0,4_7_section1_Registered,1,30,30,224.6,0,0,0,0,0,0,0,0,0,0,0,0,0,0,0,0,1,1,1,0,0,0,0,0,0,0,0,0,0,0,0,0,0,0,0,0,0,0,0,0,0,0,0,0,0,0,523,443,523.033,439.3
4,7,1,M,362,0,4_7_section1_Registered,1,11,11,229.818,0,0,0,0,0,0,0,0,0,0,0,0,0,0,0,0,0,0,0,0,0,0,0,0,0,0,0,0,0,0,0,0,0,0,0,0,0,0,0,0,0,0,0,0,0,0,183,440,182.364,438.364
4,7,1,M,363,0,4_7_section1_Registered,1,34,34,230.353,0,0,0,0,1,1,0,0,0,0,0,0,0,0,0,0,3,3,1,0,0,0,0,0,0,0,0,0,0,0,0,0,0,0,0,0,0,0,0,0,0,0,0,0,0,0,473,446,470.382,442.941
4,7,1,M,364,0,4_7_section1_Registered,1,33,33,222.121,0,0,0,0,0,0,0,0,0,0,0,0,0,0,0,0,0,0,0,0,0,0,0,0,0,0,0,0,0,0,0,0,0,0,0,0,0,0,0,0,0,0,0,0,0,0,374,450,372.091,444.848
4,7,1,M,365,0,4_7_section1_Registered,1,21,21,221.143,0,0,0,0,0,0,0,0,0,0,0,0,0,0,0,0,1,1,0,0,0,0,0,0,0,0,0,0,0,0,0,0,0,0,0,0,0,0,0,0,0,0,0,0,0,0,485,446,483.333,443.048
4,7,1,M,366,0,4_7_section1_Registered,1,10,10,223.2,0,0,0,0,0,0,0,0,0,0,0,0,0,0,0,0,0,0,0,0,0,0,0,0,0,0,0,0,0,0,0,0,0,0,0,0,0,0,0,0,0,0,0,0,0,0,181,444,180.7,442.5
4,7,1,M,367,0,4_7_section1_Registered,1,10,10,213.2,0,0,0,0,0,0,0,0,0,0,0,0,0,0,0,0,0,0,0,0,0,0,0,0,0,0,0,0,0,0,0,0,0,0,0,0,0,0,0,0,0,0,0,0,0,0,421,444,420.7,442.7
4,7,1,M,368,0,4_7_section1_Registered,1,27,27,234.111,0,0,0,0,0,0,0,0,0,0,0,0,0,0,0,0,1,1,1,0,0,0,0,0,0,0,0,0,0,0,0,0,0,0,0,0,0,0,0,0,0,0,0,0,0,0,491,447,492.222,443.37
4,7,1,M,369,0,4_7_section1_Registered,1,12,12,221.833,0,0,0,0,0,0,0,0,0,0,0,0,0,0,0,0,1,1,1,0,0,0,0,0,0,0,0,0,0,0,0,0,0,0,0,0,0,0,0,0,0,0,0,0,0,0,519,445,517.917,443.083
4,7,1,M,370,0,4_7_section1_Registered,1,23,23,233.87,0,0,0,0,0,0,0,0,0,0,0,0,0,0,0,0,0,0,0,0,0,0,0,0,0,0,0,0,0,0,0,0,0,0,0,0,0,0,0,0,0,0,0,0,0,0,160,449,160.348,445.913
4,7,1,M,371,0,4_7_section1_Registered,1,34,34,224.235,0,0,0,0,0,0,0,0,0,0,0,0,0,0,0,0,1,1,1,0,0,0,0,0,0,0,0,0,0,0,0,0,0,0,0,0,0,0,0,0,0,0,0,0,0,0,494,449,496.765,446.088
4,7,1,M,372,0,4_7_section1_Registered,1,11,11,224.182,0,0,0,0,0,0,0,0,0,0,0,0,0,0,0,0,0,0,0,0,0,0,0,0,0,0,0,0,0,0,0,0,0,0,0,0,0,0,0,0,0,0,0,0,0,0,224,449,224.182,446.727
4,7,1,M,373,0,4_7_section1_Registered,1,19,19,233.474,0,0,0,0,0,0,0,0,0,0,0,0,0,0,0,0,1,0,0,0,0,0,0,0,0,0,0,0,0,0,0,0,0,0,0,0,0,0,0,0,0,0,0,0,0,0,150,451,152.053,448.368
4,7,1,M,374,0,4_7_section1_Registered,1,34,34,223.088,0,0,0,0,0,0,0,0,0,0,0,0,0,0,0,0,1,0,0,0,0,0,0,0,0,0,0,0,0,0,0,0,0,0,0,0,0,0,0,0,0,0,0,0,0,0,305,454,306.412,449.853
4,7,1,M,375,0,4_7_section1_Registered,1,20,20,243.5,0,0,0,0,0,0,0,0,0,0,0,0,0,0,0,0,0,0,0,0,0,0,0,0,0,0,0,0,0,0,0,0,0,0,0,0,0,0,0,0,0,0,0,0,0,0,275,452,274.45,449.25
4,7,1,M,376,0,4_7_section1_Registered,1,10,10,198.3,0,0,0,0,0,0,0,0,0,0,0,0,0,0,0,0,0,0,0,0,0,0,0,0,0,0,0,0,0,0,0,0,0,0,0,0,0,0,0,0,0,0,0,0,0,0,326,450,326.6,448.7
4,7,1,M,377,0,4_7_section1_Registered,1,43,43,227.512,0,0,0,0,0,0,0,0,0,0,0,0,0,0,0,0,0,0,0,0,0,0,0,0,0,0,0,0,0,0,0,0,0,0,0,0,0,0,0,0,0,0,0,0,0,0,366,458,366.698,452.442
4,7,1,M,378,0,4_7_section1_Registered,1,13,13,212.385,0,0,0,0,0,0,0,0,0,0,0,0,0,0,0,0,0,0,0,0,0,0,0,0,0,0,0,0,0,0,0,0,0,0,0,0,0,0,0,0,0,0,0,0,0,0,461,453,460.923,450.615
4,7,1,M,379,0,4_7_section1_Registered,1,17,17,230.235,0,0,0,0,0,0,0,0,0,0,0,0,0,0,0,0,0,0,0,0,0,0,0,0,0,0,0,0,0,0,0,0,0,0,0,0,0,0,0,0,0,0,0,0,0,0,400,453,400.882,451
4,7,1,M,380,0,4_7_section1_Registered,1,12,12,225,0,0,0,0,1,0,0,0,0,0,0,0,0,0,0,0,2,2,0,0,0,0,0,0,0,0,0,0,0,0,0,0,0,0,0,0,0,0,0,0,0,0,0,0,0,0,512,453,510.833,451.5
4,7,1,M,381,0,4_7_section1_Registered,1,18,18,235.556,0,0,0,0,0,0,0,0,0,0,0,0,1,0,0,0,1,0,0,0,0,0,0,0,11.111,0,2,0,0.111,0,51.5,0,103,0,144.5,0,60,0,43,0,51.5,0,103,0,144.5,0,163,456,161.5,453.722
4,7,1,M,382,0,4_7_section1_Registered,1,13,13,224.308,0,0,0,0,0,0,0,0,0,0,0,0,0,0,0,0,0,0,0,0,0,0,0,0,0,0,0,0,0,0,0,0,0,0,0,0,0,0,0,0,0,0,0,0,0,0,167,455,167.154,452.846
4,7,1,M,383,0,4_7_section1_Registered,1,36,36,245.028,0,0,0,0,0,0,0,0,0,0,0,0,0,0,0,0,0,0,0,0,0,0,0,0,0,0,0,0,0,0,0,0,0,0,0,0,0,0,0,0,0,0,0,0,0,0,251,459,252.639,454.889
4,7,1,M,384,0,4_7_section1_Registered,1,20,20,215.9,0,0,0,0,0,0,0,0,0,0,0,0,0,0,1,0,1,1,1,0,0,0,0,0,0,0,0,0,0,0,0,0,0,0,0,0,0,0,0,0,0,0,0,0,0,0,430,458,428.05,455.15
4,7,1,M,385,0,4_7_section1_Registered,1,11,11,210.636,0,0,0,0,0,0,0,0,0,0,0,0,0,0,0,0,0,0,0,0,0,0,0,0,0,0,0,0,0,0,0,0,0,0,0,0,0,0,0,0,0,0,0,0,0,0,492,457,492.091,454.182
4,7,1,M,386,0,4_7_section1_Registered,1,13,13,227.846,0,0,0,0,0,0,0,0,0,0,0,0,0,0,0,0,1,0,0,0,0,0,0,0,0,0,0,0,0,0,0,0,0,0,0,0,0,0,0,0,0,0,0,0,0,0,205,460,205.154,456.308
4,7,1,M,387,0,4_7_section1_Registered,1,26,26,220.346,0,0,0,0,0,0,0,0,0,0,0,0,0,0,0,0,0,0,0,0,1,0,0,0,0,0,0,0,0,0,0,0,0,0,0,0,0,0,0,0,0,0,0,0,0,0,469,461,469.885,458.077
4,7,1,M,388,0,4_7_section1_Registered,1,43,43,224.116,0,0,0,0,1,0,0,0,0,0,0,0,0,1,0,0,2,1,1,1,0,0,0,0,0,13.953,0,6,0,0.14,0,236,0,1416,0,96,0,240,0,216,0,236,0,1416,0,96,405,465,399.535,460.372
4,7,1,M,389,0,4_7_section1_Registered,1,16,16,222.438,0,0,0,0,0,0,0,0,0,0,0,0,0,0,0,0,0,0,1,0,0,0,0,0,0,0,0,0,0,0,0,0,0,0,0,0,0,0,0,0,0,0,0,0,0,0,444,461,442.688,458.75
4,7,1,M,390,0,4_7_section1_Registered,1,11,11,218.091,0,0,0,0,0,0,0,0,0,0,0,0,0,0,0,0,0,0,0,0,0,0,0,0,0,0,0,0,0,0,0,0,0,0,0,0,0,0,0,0,0,0,0,0,0,0,288,461,288.636,459.455
4,7,1,M,391,0,4_7_section1_Registered,1,10,10,238.1,0,0,0,0,0,0,0,0,0,0,0,0,0,0,0,0,0,0,0,0,0,0,0,0,0,0,0,0,0,0,0,0,0,0,0,0,0,0,0,0,0,0,0,0,0,0,203,460,201.8,459
4,7,1,M,392,0,4_7_section1_Registered,1,10,10,238.2,0,0,0,0,0,0,0,0,0,0,0,0,0,0,0,0,0,0,0,0,0,0,0,0,0,0,0,0,0,0,0,0,0,0,0,0,0,0,0,0,0,0,0,0,0,0,258,461,257.8,459.5
4,7,1,M,393,0,4_7_section1_Registered,1,11,11,228.455,0,0,0,0,0,0,0,0,0,0,0,0,0,0,0,0,0,0,0,0,0,0,0,0,0,0,0,0,0,0,0,0,0,0,0,0,0,0,0,0,0,0,0,0,0,0,447,462,446.909,460.364
4,7,1,M,394,0,4_7_section1_Registered,1,15,15,226.933,0,0,0,0,0,1,0,0,0,0,0,0,0,0,0,0,2,2,1,0,0,0,0,0,0,0,0,0,0,0,0,0,0,0,0,0,0,0,0,0,0,0,0,0,0,0,462,463,461.8,461.267
4,7,1,M,395,0,4_7_section1_Registered,1,12,12,230.167,0,0,0,0,0,0,0,0,0,0,0,0,0,0,0,0,0,0,0,0,0,0,0,0,0,0,0,0,0,0,0,0,0,0,0,0,0,0,0,0,0,0,0,0,0,0,297,463,295.917,461.417
4,7,1,M,396,0,4_7_section1_Registered,1,10,10,244.2,0,0,0,0,0,0,0,0,0,0,0,0,0,0,0,0,0,0,0,0,0,0,0,0,0,0,0,0,0,0,0,0,0,0,0,0,0,0,0,0,0,0,0,0,0,0,168,464,167.3,462.7
4,7,1,M,397,0,4_7_section1_Registered,1,12,12,207.917,0,0,0,0,1,0,0,0,0,0,0,0,0,0,0,0,1,1,1,0,0,0,0,0,0,0,0,0,0,0,0,0,0,0,0,0,0,0,0,0,0,0,0,0,0,0,417,465,415.167,463.083
4,7,1,M,398,0,4_7_section1_Registered,1,35,35,228.314,0,0,0,0,0,0,0,0,0,0,0,0,0,0,1,0,1,0,0,0,0,0,0,0,0,0,0,0,0,0,0,0,0,0,0,0,0,0,0,0,0,0,0,0,0,0,424,470,423.371,465.857
4,7,1,M,399,0,4_7_section1_Registered,1,12,12,217.833,0,0,0,0,0,1,0,0,1,0,0,0,0,0,0,0,1,2,0,0,1,0,0,0,0,0,0,0,0,0,0,0,0,0,0,0,0,0,0,0,0,0,0,0,0,0,436,465,436.583,462.75
4,7,1,M,400,0,4_7_section1_Registered,1,16,16,224.563,0,0,0,0,0,0,0,0,0,0,0,0,0,0,0,0,0,0,0,0,0,0,0,0,0,0,0,0,0,0,0,0,0,0,0,0,0,0,0,0,0,0,0,0,0,0,396,467,396.188,464.5
4,7,1,M,401,0,4_7_section1_Registered,1,20,20,221.25,0,0,0,0,0,0,0,0,1,0,0,0,0,0,0,0,0,0,0,0,2,0,0,0,0,0,0,0,0,0,0,0,0,0,0,0,0,0,0,0,0,0,0,0,0,0,465,468,465.35,464.65
4,7,1,M,402,0,4_7_section1_Registered,1,23,23,229.261,0,0,0,0,0,0,0,0,0,0,0,0,0,0,0,0,1,1,1,0,0,0,0,0,0,0,0,0,0,0,0,0,0,0,0,0,0,0,0,0,0,0,0,0,0,0,340,470,342.13,465.826
4,7,1,M,403,0,4_7_section1_Registered,1,28,28,217.571,0,0,0,0,0,0,0,0,0,0,0,0,0,0,0,0,0,0,0,0,0,0,0,0,0,0,0,0,0,0,0,0,0,0,0,0,0,0,0,0,0,0,0,0,0,0,290,474,291.714,468.821
4,7,1,M,404,0,4_7_section1_Registered,1,15,15,214.333,0,0,0,0,0,0,0,0,0,0,0,0,0,0,0,0,0,2,1,0,0,0,0,0,0,0,0,0,0,0,0,0,0,0,0,0,0,0,0,0,0,0,0,0,0,0,381,468,379.667,466.533
4,7,1,M,405,0,4_7_section1_Registered,1,18,18,241.722,0,0,0,0,0,0,0,0,0,0,0,0,0,0,0,0,0,0,0,0,0,0,0,0,0,0,0,0,0,0,0,0,0,0,0,0,0,0,0,0,0,0,0,0,0,0,305,469,303.444,467.111
4,7,1,M,406,0,4_7_section1_Registered,1,17,17,209.765,0,0,0,0,0,0,0,0,0,0,0,0,0,0,0,0,0,0,0,0,0,0,0,0,0,0,0,0,0,0,0,0,0,0,0,0,0,0,0,0,0,0,0,0,0,0,443,471,441.588,468.118
4,7,1,M,407,0,4_7_section1_Registered,1,30,30,241.7,0,0,0,0,0,0,0,0,0,0,0,0,0,0,0,0,0,0,0,0,0,0,0,0,0,0,0,0,0,0,0,0,0,0,0,0,0,0,0,0,0,0,0,0,0,0,191,478,191.133,472.333
4,7,1,M,408,0,4_7_section1_Registered,1,10,10,234.2,0,0,0,0,0,0,0,0,0,0,0,0,0,0,0,0,0,0,0,0,0,0,0,0,0,0,0,0,0,0,0,0,0,0,0,0,0,0,0,0,0,0,0,0,0,0,221,469,220.2,467.3
4,7,1,M,409,0,4_7_section1_Registered,1,21,21,219.143,0,0,0,0,0,0,0,0,0,0,0,0,0,0,0,0,0,0,0,0,0,0,0,0,0,0,0,0,0,0,0,0,0,0,0,0,0,0,0,0,0,0,0,0,0,0,350,470,348.333,468.143
4,7,1,M,410,0,4_7_section1_Registered,1,17,17,199.588,0,0,0,0,0,0,0,0,0,0,0,0,0,0,0,0,0,1,0,0,0,0,0,0,0,0,0,0,0,0,0,0,0,0,0,0,0,0,0,0,0,0,0,0,0,0,408,470,406.412,468.059
4,7,1,M,411,0,4_7_section1_Registered,1,38,38,226.921,0,0,1,0,0,0,0,0,0,0,0,0,0,0,1,0,0,0,0,0,1,0,0,0,0,0,0,0,0,0,0,0,0,0,0,0,0,0,0,0,0,0,0,0,0,0,394,474,392.632,470.947
4,7,1,M,412,0,4_7_section1_Registered,1,15,15,228.067,0,0,0,0,0,1,0,0,0,0,0,0,0,0,0,0,1,1,0,0,1,0,0,0,0,0,0,0,0,0,0,0,0,0,0,0,0,0,0,0,0,0,0,0,0,0,451,472,451,469.733
4,7,1,M,413,0,4_7_section1_Registered,1,15,15,243.8,1,0,0,0,0,0,0,0,0,0,0,0,1,0,1,0,0,0,0,0,0,0,0,0,13.333,0,2,0,0.133,0,38.5,0,77,0,0.5,0,39,0,38,0,38.5,0,77,0,0.5,0,140,475,140.267,471.467
4,7,1,M,414,0,4_7_section1_Registered,1,12,12,226.167,0,0,0,0,0,0,0,0,0,0,0,0,0,0,0,0,0,0,0,0,0,0,0,0,0,0,0,0,0,0,0,0,0,0,0,0,0,0,0,0,0,0,0,0,0,0,184,472,185.75,470.25
4,7,1,M,415,0,4_7_section1_Registered,1,11,11,230.455,0,0,0,0,0,0,0,0,0,0,0,0,0,0,0,0,1,0,0,0,1,0,0,0,0,0,0,0,0,0,0,0,0,0,0,0,0,0,0,0,0,0,0,0,0,0,319,473,318.909,471.091
4,7,1,M,416,0,4_7_section1_Registered,1,21,21,228.857,0,0,0,0,0,0,0,0,0,0,0,0,0,0,0,0,0,0,0,0,0,0,0,0,0,0,0,0,0,0,0,0,0,0,0,0,0,0,0,0,0,0,0,0,0,0,359,472,356.952,470.476
4,7,1,M,417,0,4_7_section1_Registered,1,26,26,223.077,0,0,0,0,0,0,0,0,0,0,0,0,0,0,0,0,0,0,0,0,0,0,0,0,0,0,0,0,0,0,0,0,0,0,0,0,0,0,0,0,0,0,0,0,0,0,436,475,434.846,472.5
4,7,1,M,418,0,4_7_section1_Registered,1,11,11,212.455,0,0,0,0,0,0,0,0,0,0,0,0,0,0,0,0,1,0,0,0,0,0,0,0,0,0,0,0,0,0,0,0,0,0,0,0,0,0,0,0,0,0,0,0,0,0,233,474,232.091,472.455
4,7,1,M,419,0,4_7_section1_Registered,1,26,26,231.423,0,0,0,0,0,0,0,0,0,0,0,0,0,1,0,0,1,0,0,0,0,0,0,0,0,23.077,0,6,0,0.231,0,235,0,1410,0,60.4,0,240,0,224,0,235,0,1410,0,60.4,403,477,400.654,474.308
4,7,1,M,420,0,4_7_section1_Registered,1,14,14,238.857,0,0,0,0,0,0,0,0,0,0,0,0,0,0,0,0,0,0,0,0,0,0,0,0,0,0,0,0,0,0,0,0,0,0,0,0,0,0,0,0,0,0,0,0,0,0,485,475,488.071,472.714
4,7,1,M,421,0,4_7_section1_Registered,1,12,12,222.75,0,0,0,0,0,0,0,0,0,0,0,0,0,0,0,0,1,0,0,0,0,0,0,0,0,0,0,0,0,0,0,0,0,0,0,0,0,0,0,0,0,0,0,0,0,0,255,478,255.417,476
4,7,1,M,422,0,4_7_section1_Registered,1,11,11,233.182,0,0,0,0,0,0,0,0,0,0,0,0,0,0,0,0,0,0,0,0,0,0,0,0,0,0,0,0,0,0,0,0,0,0,0,0,0,0,0,0,0,0,0,0,0,0,328,479,328.091,477
4,7,1,M,423,0,4_7_section1_Registered,1,33,33,228.424,0,0,0,0,0,1,0,0,0,0,0,0,0,0,0,0,1,1,0,0,1,0,0,0,0,0,0,0,0,0,0,0,0,0,0,0,0,0,0,0,0,0,0,0,0,0,450,482,450.303,478.485
4,7,1,M,424,0,4_7_section1_Registered,1,26,26,226.231,0,0,0,0,1,0,0,0,0,0,0,0,0,0,0,0,1,2,0,0,1,0,0,0,0,0,0,0,0,0,0,0,0,0,0,0,0,0,0,0,0,0,0,0,0,0,419,482,417.692,479.423
4,7,1,M,425,0,4_7_section1_Registered,1,36,36,223.222,0,0,0,0,0,1,0,0,0,0,0,0,0,0,0,0,0,2,1,0,0,0,0,0,0,0,0,0,0,0,0,0,0,0,0,0,0,0,0,0,0,0,0,0,0,0,442,483,439.222,479.75
4,7,1,M,426,0,4_7_section1_Registered,1,17,17,237.118,0,0,0,0,0,0,0,0,0,0,0,0,0,0,0,0,0,0,0,0,0,0,0,0,0,0,0,0,0,0,0,0,0,0,0,0,0,0,0,0,0,0,0,0,0,0,473,481,476.118,478.765
4,7,1,M,427,0,4_7_section1_Registered,1,11,11,248.273,0,0,0,0,0,0,0,0,0,0,0,0,0,0,0,0,0,0,0,0,0,0,0,0,0,0,0,0,0,0,0,0,0,0,0,0,0,0,0,0,0,0,0,0,0,0,152,481,151.909,479.364
4,7,1,M,428,0,4_7_section1_Registered,1,19,19,236.211,1,0,0,0,0,0,0,0,0,0,0,0,1,0,0,0,0,0,0,0,0,0,0,0,5.263,0,1,0,0.053,0,39,0,39,0,0,0,39,0,39,0,39,0,39,0,0,0,260,482,258.579,480.053
4,7,1,M,429,0,4_7_section1_Registered,1,40,40,240.425,0,0,0,0,0,0,0,0,0,0,0,0,0,0,0,0,0,0,0,0,0,0,0,0,0,0,0,0,0,0,0,0,0,0,0,0,0,0,0,0,0,0,0,0,0,0,296,485,297.6,481.425
4,7,1,M,430,0,4_7_section1_Registered,1,14,14,217.5,0,0,0,0,0,0,0,0,0,0,0,0,0,0,0,0,0,0,0,0,0,0,0,0,0,0,0,0,0,0,0,0,0,0,0,0,0,0,0,0,0,0,0,0,0,0,357,483,356.714,480.857
4,7,1,M,431,0,4_7_section1_Registered,1,23,23,230.217,0,0,0,0,1,0,0,0,0,0,0,0,0,0,0,0,1,1,1,0,1,0,0,0,0,0,0,0,0,0,0,0,0,0,0,0,0,0,0,0,0,0,0,0,0,0,426,482,424.783,479.87
4,7,1,M,432,0,4_7_section1_Registered,1,22,22,220.955,0,0,0,0,1,2,0,0,0,0,0,0,0,0,0,0,1,2,2,0,0,0,0,0,0,0,0,0,0,0,0,0,0,0,0,0,0,0,0,0,0,0,0,0,0,0,430,485,430.227,481.818
4,7,1,M,433,0,4_7_section1_Registered,1,13,13,234.077,0,0,0,0,0,0,0,0,0,0,0,0,0,0,0,0,0,0,0,0,0,0,0,0,0,0,0,0,0,0,0,0,0,0,0,0,0,0,0,0,0,0,0,0,0,0,248,484,248.077,481.077
4,7,1,M,434,0,4_7_section1_Registered,1,10,10,227.8,0,0,0,0,0,0,0,0,0,0,0,0,0,0,0,0,0,0,0,0,0,0,0,0,0,0,0,0,0,0,0,0,0,0,0,0,0,0,0,0,0,0,0,0,0,0,240,484,239,482.5
4,7,1,M,435,0,4_7_section1_Registered,1,44,44,238.841,0,0,0,0,0,0,0,0,0,0,0,0,0,0,0,0,0,0,0,0,0,0,0,0,0,0,0,0,0,0,0,0,0,0,0,0,0,0,0,0,0,0,0,0,0,0,315,490,315.25,485.727
4,7,1,M,436,0,4_7_section1_Registered,1,14,14,225.857,0,0,0,0,0,0,0,0,0,0,0,0,0,0,0,0,0,0,0,0,0,0,0,0,0,0,0,0,0,0,0,0,0,0,0,0,0,0,0,0,0,0,0,0,0,0,372,489,371.929,485.429
4,7,1,M,437,0,4_7_section1_Registered,1,12,12,230,0,0,0,0,0,0,0,0,0,0,0,0,0,0,0,0,0,0,0,0,0,0,0,0,0,0,0,0,0,0,0,0,0,0,0,0,0,0,0,0,0,0,0,0,0,0,164,487,163,485.5
4,7,1,M,438,0,4_7_section1_Registered,1,11,11,223.182,0,0,0,0,0,0,0,0,0,0,0,0,0,0,0,0,0,0,0,0,0,0,0,0,0,0,0,0,0,0,0,0,0,0,0,0,0,0,0,0,0,0,0,0,0,0,417,487,416.091,485.364
4,7,1,M,439,0,4_7_section1_Registered,1,14,14,239.571,0,0,0,0,0,0,0,0,0,0,0,0,0,0,0,0,0,0,0,0,0,0,0,0,0,0,0,0,0,0,0,0,0,0,0,0,0,0,0,0,0,0,0,0,0,0,461,487,463.429,484.929
4,7,1,M,440,0,4_7_section1_Registered,1,11,11,225.091,0,0,0,0,0,0,0,0,0,0,0,0,0,0,0,0,0,0,0,0,0,0,0,0,0,0,0,0,0,0,0,0,0,0,0,0,0,0,0,0,0,0,0,0,0,0,235,488,233.364,486.818
4,7,1,M,441,0,4_7_section1_Registered,1,15,15,220.467,1,0,0,0,0,0,0,0,0,0,0,0,1,0,0,0,0,0,0,0,0,0,0,0,6.667,0,1,0,0.067,0,39,0,39,0,0,0,39,0,39,0,39,0,39,0,0,0,367,490,366.067,488.4
4,7,1,M,442,0,4_7_section1_Registered,1,10,10,232.1,0,0,0,0,0,0,0,0,0,0,0,0,0,0,0,0,0,0,0,0,0,0,0,0,0,0,0,0,0,0,0,0,0,0,0,0,0,0,0,0,0,0,0,0,0,0,206,492,205.6,490.6
4,7,1,M,443,0,4_7_section1_Registered,1,16,16,230.813,0,0,0,0,0,0,0,0,0,0,0,0,0,0,0,0,0,0,0,0,0,0,0,0,0,0,0,0,0,0,0,0,0,0,0,0,0,0,0,0,0,0,0,0,0,0,338,495,337.938,493.125
4,7,1,M,444,0,4_7_section1_Registered,1,28,28,243.321,0,0,0,0,0,0,0,0,0,0,0,0,0,0,0,0,0,0,0,0,0,0,0,0,0,0,0,0,0,0,0,0,0,0,0,0,0,0,0,0,0,0,0,0,0,0,131,499,131.607,495.179
4,7,1,M,445,0,4_7_section1_Registered,1,38,38,244.053,4,0,0,0,0,0,0,0,0,0,0,0,5,0,0,0,0,0,0,0,0,0,0,0,23.684,0,9,0,0.237,0,49,0,441,0,27.25,0,62,0,44,0,49,0,441,0,27.25,0,223,502,222.316,496.711
4,7,1,M,446,0,4_7_section1_Registered,1,19,19,228.263,2,0,0,0,0,0,0,0,0,0,0,0,2,0,0,0,0,0,0,0,0,0,0,0,10.526,0,2,0,0.105,0,31,0,62,0,2,0,32,0,30,0,31,0,62,0,2,0,444,496,445.105,494
4,7,1,M,447,0,4_7_section1_Registered,1,24,24,238.833,0,0,0,0,0,0,0,0,0,0,0,0,1,0,0,0,0,0,0,0,0,0,0,0,12.5,0,3,0,0.125,0,45.667,0,137,0,17.333,0,49,0,41,0,45.667,0,137,0,17.333,0,160,499,159.083,496.708
4,7,1,M,448,0,4_7_section1_Registered,1,11,11,225.636,0,0,0,0,0,0,0,0,0,0,0,0,0,0,0,0,0,0,0,0,0,0,0,0,0,0,0,0,0,0,0,0,0,0,0,0,0,0,0,0,0,0,0,0,0,0,169,498,168.909,496.364
4,7,1,M,449,0,4_7_section1_Registered,1,13,13,233.462,0,0,0,0,0,0,0,0,0,0,0,0,0,0,0,0,0,0,0,0,0,0,0,0,0,0,0,0,0,0,0,0,0,0,0,0,0,0,0,0,0,0,0,0,0,0,289,500,289.154,498.154
4,7,1,M,450,0,4_7_section1_Registered,1,10,10,230.3,0,0,0,0,0,0,0,0,0,0,0,0,0,0,0,0,0,0,0,0,0,0,0,0,0,0,0,0,0,0,0,0,0,0,0,0,0,0,0,0,0,0,0,0,0,0,335,500,334.2,498.5
4,7,1,M,451,0,4_7_section1_Registered,1,11,11,230.727,0,0,0,0,0,0,0,0,0,0,0,0,0,0,0,0,0,0,0,0,0,0,0,0,0,0,0,0,0,0,0,0,0,0,0,0,0,0,0,0,0,0,0,0,0,0,277,502,276.818,500.091
4,7,1,M,452,0,4_7_section1_Registered,1,12,12,231.667,0,0,0,0,0,0,0,0,0,0,0,0,0,0,0,0,0,0,0,0,0,0,0,0,0,0,0,0,0,0,0,0,0,0,0,0,0,0,0,0,0,0,0,0,0,0,181,501,180.167,499.917
4,7,1,M,453,0,4_7_section1_Registered,1,12,12,242.417,0,0,0,0,0,0,0,0,0,0,0,0,0,0,0,0,0,0,0,0,0,0,0,0,0,0,0,0,0,0,0,0,0,0,0,0,0,0,0,0,0,0,0,0,0,0,186,502,184.917,500.667
4,7,1,M,454,0,4_7_section1_Registered,1,14,14,242,0,0,0,0,0,0,0,0,0,0,0,0,0,0,0,0,0,0,0,0,0,0,0,0,0,0,0,0,0,0,0,0,0,0,0,0,0,0,0,0,0,0,0,0,0,0,171,503,169.643,501.286
4,7,1,M,455,0,4_7_section1_Registered,1,13,13,215.846,0,0,0,0,0,0,0,0,0,0,0,0,0,0,0,0,0,0,0,0,0,0,0,0,0,0,0,0,0,0,0,0,0,0,0,0,0,0,0,0,0,0,0,0,0,0,401,503,399,501.385
4,7,1,M,456,0,4_7_section1_Registered,1,16,16,234.625,0,0,0,0,0,0,0,0,0,0,0,0,0,0,0,0,0,0,0,0,0,0,0,0,0,0,0,0,0,0,0,0,0,0,0,0,0,0,0,0,0,0,0,0,0,0,210,511,210.688,507.75
4,7,1,M,457,0,4_7_section1_Registered,1,12,12,247.5,0,0,0,0,0,0,0,0,0,0,0,0,0,0,0,0,0,0,0,0,0,0,0,0,0,0,0,0,0,0,0,0,0,0,0,0,0,0,0,0,0,0,0,0,0,0,152,508,150.583,506.75
4,7,1,M,458,0,4_7_section1_Registered,1,22,22,244.591,0,0,0,0,0,0,0,0,0,0,0,0,0,0,0,0,0,0,0,0,0,0,0,0,0,0,0,0,0,0,0,0,0,0,0,0,0,0,0,0,0,0,0,0,0,0,243,511,241.909,508.045
4,7,1,M,459,0,4_7_section1_Registered,1,14,14,250.643,1,0,0,0,0,0,0,0,0,0,0,0,1,0,0,0,0,0,0,0,0,0,0,0,7.143,0,1,0,0.071,0,41,0,41,0,0,0,41,0,41,0,41,0,41,0,0,0,133,511,132.857,508.786
4,7,1,M,460,0,4_7_section1_Registered,1,18,18,237,0,0,0,0,0,0,0,0,0,0,0,0,0,0,0,0,0,0,0,0,0,0,0,0,0,0,0,0,0,0,0,0,0,0,0,0,0,0,0,0,0,0,0,0,0,0,178,510,178.111,508.056
4,7,1,M,461,0,4_7_section1_Registered,1,15,15,238.867,0,0,0,0,0,0,0,0,0,0,0,0,0,0,0,0,0,0,0,0,0,0,0,0,0,0,0,0,0,0,0,0,0,0,0,0,0,0,0,0,0,0,0,0,0,0,143,511,144.267,508.867
4,7,1,M,462,0,4_7_section1_Registered,1,23,23,243.435,0,0,0,0,0,0,0,0,0,0,0,0,1,0,0,0,0,0,0,0,0,0,0,0,26.087,0,6,0,0.261,0,66,0,396,0,599.6,0,111,0,44,0,66,0,396,0,599.6,0,199,517,198.174,514.87
4,7,1,M,463,0,4_7_section1_Registered,1,20,20,243.1,0,0,0,0,0,0,0,0,0,0,0,0,0,0,0,0,0,0,0,0,0,0,0,0,0,0,0,0,0,0,0,0,0,0,0,0,0,0,0,0,0,0,0,0,0,0,125,517,124.05,514.75
4,7,1,M,464,0,4_7_section1_Registered,1,14,14,233.357,0,0,0,0,0,0,0,0,0,0,0,0,0,0,0,0,0,0,0,0,0,0,0,0,0,0,0,0,0,0,0,0,0,0,0,0,0,0,0,0,0,0,0,0,0,0,154,516,151.929,514.857
4,7,1,M,465,0,4_7_section1_Registered,1,10,10,243.9,0,0,0,0,0,0,0,0,0,0,0,0,1,0,0,0,0,0,0,0,0,0,0,0,20,0,2,0,0.2,0,49,0,98,0,0,0,49,0,49,0,49,0,98,0,0,0,228,518,228.4,515.5
4,7,1,M,466,0,4_7_section1_Registered,1,12,12,242,0,0,0,0,0,0,0,0,0,0,0,0,0,0,0,0,0,0,0,0,0,0,0,0,0,0,0,0,0,0,0,0,0,0,0,0,0,0,0,0,0,0,0,0,0,0,245,518,243.667,516.333
4,7,1,M,467,0,4_7_section1_Registered,1,29,29,239.172,1,0,0,0,0,0,0,0,0,0,0,0,1,0,0,0,0,0,0,0,0,0,0,0,3.448,0,1,0,0.034,0,45,0,45,0,0,0,45,0,45,0,45,0,45,0,0,0,190,525,189.69,521.655
4,7,1,M,468,0,4_7_section1_Registered,1,10,10,229.8,0,0,0,0,0,0,0,0,0,0,0,0,1,0,0,0,0,0,0,0,0,0,0,0,10,0,1,0,0.1,0,39,0,39,0,0,0,39,0,39,0,39,0,39,0,0,0,261,521,259.3,519.6
4,7,1,M,469,0,4_7_section1_Registered,1,10,10,241.4,1,0,0,0,0,0,0,0,0,0,0,0,1,0,0,0,0,0,0,0,0,0,0,0,30,0,3,0,0.3,0,41.667,0,125,0,20.333,0,46,0,37,0,41.667,0,125,0,20.333,0,280,521,279.1,519.2
4,7,1,M,470,0,4_7_section1_Registered,1,15,15,237.8,0,0,0,0,0,0,0,0,0,0,0,0,0,0,0,0,0,0,0,0,0,0,0,0,0,0,0,0,0,0,0,0,0,0,0,0,0,0,0,0,0,0,0,0,0,0,246,524,246.667,521.333
4,7,1,M,471,0,4_7_section1_Registered,1,30,30,238.4,1,0,0,0,0,0,0,0,0,0,0,0,1,0,0,0,0,0,0,0,0,0,0,0,16.667,0,5,0,0.167,0,33.6,0,168,0,10.3,0,36,0,28,0,33.6,0,168,0,10.3,0,323,529,321.867,526.9
4,7,1,M,472,0,4_7_section1_Registered,1,18,18,234.722,0,0,0,0,0,0,0,0,0,0,0,0,1,0,0,0,0,0,0,0,0,0,0,0,11.111,0,2,0,0.111,0,37,0,74,0,0,0,37,0,37,0,37,0,74,0,0,0,297,528,295.722,526.333
4,7,1,M,473,0,4_7_section1_Registered,1,20,20,249.8,0,0,0,0,0,0,0,0,0,0,0,0,0,0,0,0,0,0,0,0,0,0,0,0,0,0,0,0,0,0,0,0,0,0,0,0,0,0,0,0,0,0,0,0,0,0,282,535,280.35,533.55
4,7,1,M,474,0,4_7_section1_Registered,1,12,12,238.333,0,0,0,0,0,0,0,0,0,0,0,0,0,0,0,0,0,0,0,0,0,0,0,0,0,0,0,0,0,0,0,0,0,0,0,0,0,0,0,0,0,0,0,0,0,0,243,539,242,537.5
4,7,1,M,475,0,4_7_section1_Registered,1,10,10,241.9,1,0,0,0,0,0,0,0,0,0,0,0,1,0,0,0,0,0,0,0,0,0,0,0,10,0,1,0,0.1,0,30,0,30,0,0,0,30,0,30,0,30,0,30,0,0,0,228,540,224.1,539.8
4,7,1,M,476,0,4_7_section1_Registered,1,29,29,247.621,0,0,0,0,0,0,0,0,0,0,0,0,2,0,0,0,0,0,0,0,0,0,0,0,62.069,0,18,0,0.621,0,44.333,0,798,0,22.941,0,54,0,38,0,44.333,0,798,0,22.941,0,179,544,176.655,542.586
4,7,1,M,477,0,4_7_section1_Registered,1,17,17,249.294,0,0,0,0,0,0,0,0,0,0,0,0,1,0,0,0,0,0,0,0,0,0,0,0,52.941,0,9,0,0.529,0,51.333,0,462,0,98.5,0,68,0,39,0,51.333,0,462,0,98.5,0,187,543,184.941,541.765
4,7,1,M,478,0,4_7_section1_Registered,1,18,18,243.111,0,0,0,0,0,0,0,0,0,0,0,0,1,0,0,0,0,0,0,0,0,0,0,0,5.556,0,1,0,0.056,0,42,0,42,0,0,0,42,0,42,0,42,0,42,0,0,0,137,546,137.167,543.778
4,7,1,M,479,0,4_7_section1_Registered,1,30,30,250.067,0,0,0,0,0,0,0,0,0,0,0,0,1,0,0,0,0,0,0,0,0,0,0,0,86.667,0,26,0,0.867,0,43.808,0,1139,0,69.922,0,63,0,32,0,43.808,0,1139,0,69.922,0,166,545,161.367,543.967
4,7,1,M,480,0,4_7_section1_Registered,1,26,26,247.462,1,0,0,0,0,0,0,0,0,0,0,0,1,0,0,0,0,0,0,0,0,0,0,0,3.846,0,1,0,0.038,0,37,0,37,0,0,0,37,0,37,0,37,0,37,0,0,0,122,548,123.038,545.731
